"","Age","DailyRate","DistanceFromHome","Education","EnvironmentSatisfaction","HourlyRate","JobInvolvement","JobLevel","JobSatisfaction","MonthlyIncome","MonthlyRate","NumCompaniesWorked","PercentSalaryHike","PerformanceRating","RelationshipSatisfaction","StockOptionLevel","TotalWorkingYears","TrainingTimesLastYear","WorkLifeBalance","YearsAtCompany","YearsInCurrentRole","YearsSinceLastPromotion","YearsWithCurrManager"
"1",30,1358,16,1,4,96,3,2,3,5301,2939,8,15,3,3,2,4,2,2,2,1,2,2
"2",52,1325,11,4,4,82,3,2,3,3149,21821,8,20,4,2,1,9,3,3,5,2,1,4
"3",42,462,14,2,3,68,2,2,3,6244,7824,7,17,3,1,0,10,6,3,5,4,0,3
"4",55,177,8,1,4,37,2,4,2,13577,25592,1,15,3,4,1,34,3,3,33,9,15,0
"5",35,1029,16,3,4,91,2,3,2,8606,21195,1,19,3,4,0,11,3,1,11,8,3,3
"6",51,1318,26,4,1,66,3,4,3,16307,5594,2,14,3,3,1,29,2,2,20,6,4,17
"7",42,932,1,2,4,43,2,2,4,6062,4051,9,13,3,4,1,8,4,3,4,3,0,2
"8",23,507,20,1,1,97,3,2,3,2272,24812,0,14,3,2,0,5,2,3,4,3,1,2
"9",38,1153,6,2,4,40,2,1,3,3702,16376,1,11,3,2,1,5,3,3,5,4,0,4
"10",27,1420,2,1,3,85,3,1,1,3041,16346,0,11,NA,2,1,5,3,3,4,3,0,2
"11",32,1318,10,4,4,79,3,2,4,4648,26075,8,13,3,3,0,4,2,4,0,0,0,0
"12",40,1398,2,4,3,79,3,5,3,18041,13022,0,14,3,4,0,21,2,3,20,15,1,12
"13",31,1188,20,2,4,45,3,2,3,6932,24406,1,13,3,4,1,9,2,2,9,8,0,0
"14",33,1216,8,4,3,39,3,2,3,7104,20431,0,12,3,4,0,6,3,3,5,0,1,2
"15",44,602,1,5,1,37,3,2,4,5743,10503,4,11,3,3,0,14,3,3,10,7,0,2
"16",29,459,24,2,4,73,2,1,4,2439,14753,1,24,4,2,0,1,3,2,1,0,1,0
"17",32,1184,1,3,3,70,2,1,2,2332,3974,6,20,4,3,0,5,3,3,3,0,0,2
"18",30,852,10,3,3,72,2,2,3,6578,2706,1,18,3,1,1,10,3,3,10,3,1,4
"19",40,444,2,2,2,92,3,2,2,5677,4258,3,14,3,3,1,15,4,3,11,8,5,10
"20",42,1474,5,2,2,97,3,1,3,2093,9260,4,17,3,4,1,8,4,3,2,2,2,0
"21",43,1001,7,3,3,43,3,3,1,9985,9262,8,16,3,1,1,10,1,2,1,0,0,0
"22",29,991,5,3,1,43,2,2,2,4187,3356,1,13,3,2,1,10,3,2,10,0,0,9
"23",40,720,16,4,1,51,2,2,3,5094,11983,6,14,3,4,0,10,6,3,1,0,0,0
"24",35,802,10,3,2,45,3,1,4,3917,9541,1,20,4,1,1,3,4,2,3,2,1,2
"25",30,1339,5,3,2,41,3,3,4,9419,8053,2,12,3,3,1,12,2,3,10,9,7,4
"26",42,458,26,5,1,60,3,3,1,13191,23281,3,17,3,3,0,20,6,3,1,0,0,0
"27",47,543,2,4,3,87,3,2,2,4978,3536,7,11,3,4,1,4,3,1,1,0,0,0
"28",34,735,3,1,4,75,2,2,4,8103,16495,3,12,3,3,0,9,3,2,4,2,0,1
"29",35,664,1,3,2,79,3,1,1,2194,5868,4,13,3,4,1,5,2,2,3,2,1,2
"30",29,906,10,3,4,92,2,1,1,2404,11479,6,20,4,3,0,3,5,3,0,0,0,0
"31",25,180,2,1,1,65,4,1,1,3424,21632,7,13,3,3,0,6,3,2,4,3,0,1
"32",35,303,27,3,3,84,3,2,4,5813,13492,1,18,3,4,0,10,2,3,10,7,7,7
"33",38,573,6,3,2,79,1,2,4,5329,15717,7,12,3,NA,3,17,3,3,13,11,1,9
"34",43,531,4,4,4,56,2,3,4,10231,20364,3,14,3,4,0,23,3,4,21,7,15,17
"35",34,1320,20,3,3,89,4,1,3,2585,21643,0,17,3,4,0,2,5,2,1,0,0,0
"36",33,1198,1,4,3,100,2,1,1,2799,3339,3,11,3,2,0,6,1,3,3,2,0,2
"37",55,189,26,4,3,71,4,5,2,19636,25811,4,18,3,1,1,35,0,3,10,9,1,4
"38",37,1470,10,3,2,71,3,1,2,3936,9953,1,11,3,1,1,8,2,1,8,4,7,7
"39",26,1355,25,1,3,61,3,1,3,2942,8916,1,23,4,4,1,8,3,3,8,7,5,7
"40",31,1079,10,2,3,86,3,2,4,6583,20115,2,11,3,4,1,8,2,3,5,2,1,4
"41",46,706,2,2,4,82,3,3,4,8578,19989,3,14,3,3,1,12,4,2,9,8,4,7
"42",56,206,8,4,4,99,3,5,2,19717,4022,6,14,3,1,0,36,4,3,7,3,7,7
"43",30,317,2,3,3,43,1,2,4,6091,24793,2,20,4,3,0,11,2,3,5,4,0,2
"44",35,880,12,4,4,36,3,2,4,4581,10414,3,24,4,1,0,13,2,4,11,9,6,7
"45",41,582,28,4,1,60,2,4,2,13570,5640,0,23,4,3,1,21,3,3,20,7,0,10
"46",49,1245,18,4,4,58,2,5,3,19502,2125,1,17,3,3,1,31,5,3,31,9,0,9
"47",33,516,8,5,4,69,3,2,3,6388,22049,2,17,3,1,0,14,6,3,0,0,0,0
"48",41,1360,12,3,2,49,3,5,3,19545,16280,1,12,3,4,0,23,0,3,22,15,15,8
"49",43,982,12,3,1,59,2,4,2,14336,4345,1,11,3,3,1,25,3,3,25,10,3,9
"50",35,538,25,2,1,54,2,2,4,3681,14004,4,14,3,4,0,9,3,3,3,2,0,2
"51",42,916,17,2,4,82,4,2,1,6545,23016,3,13,3,3,0,10,1,3,3,2,0,2
"52",26,575,3,1,3,73,3,1,1,3102,6582,0,22,4,3,0,7,2,3,6,4,0,4
"53",38,395,9,3,2,98,2,1,2,2899,12102,0,19,3,4,1,3,3,3,2,2,1,2
"54",50,1099,29,4,2,88,2,4,3,17046,9314,0,15,3,2,1,28,2,3,27,10,15,7
"55",39,412,NA,4,3,94,2,4,2,17123,17334,6,13,3,4,2,21,4,3,19,9,15,2
"56",47,465,1,3,1,74,3,1,4,3420,10205,7,12,3,3,1,17,2,2,6,5,1,2
"57",34,1480,4,3,3,64,3,3,4,9713,24444,2,13,3,4,3,9,3,3,5,3,1,0
"58",26,1330,21,3,1,37,3,1,3,2377,19373,1,20,4,3,1,1,0,2,1,1,0,0
"59",34,702,16,4,3,100,2,1,4,2553,8306,1,16,3,3,0,6,3,3,5,2,1,3
"60",34,653,10,4,4,92,2,2,3,5063,15332,1,14,3,2,1,8,3,2,8,2,7,7
"61",40,118,14,2,4,84,3,2,1,4639,11262,1,15,3,3,1,5,2,3,5,4,1,2
"62",25,622,13,1,2,40,3,1,3,2096,26376,1,11,3,3,0,7,1,3,7,4,0,6
"63",52,322,28,2,4,59,4,4,3,13247,9731,2,11,3,2,1,24,3,2,5,3,0,2
"64",43,930,6,3,1,73,2,2,3,4081,20003,1,NA,3,1,0,20,3,1,20,7,1,8
"65",35,950,7,3,3,59,3,3,3,10221,18869,3,21,4,2,0,17,3,4,8,5,1,6
"66",35,682,18,4,2,71,3,2,1,5561,15975,0,16,3,4,1,6,2,1,5,3,0,4
"67",37,1239,8,2,3,89,3,2,2,4071,12832,2,13,3,3,0,19,4,2,10,0,4,7
"68",30,413,7,1,4,57,3,1,2,2983,18398,0,14,3,1,0,4,3,3,3,2,1,2
"69",52,1053,1,2,4,70,3,4,4,17099,13829,2,15,3,2,1,26,2,2,9,8,7,8
"70",57,334,24,2,3,83,4,3,4,9439,23402,3,16,3,2,1,12,2,1,5,3,1,4
"71",35,130,25,4,4,96,3,1,2,2022,16612,1,19,3,1,1,10,3,2,10,2,7,8
"72",32,604,8,3,3,56,4,2,4,6209,11693,1,15,3,3,2,10,4,4,10,7,0,8
"73",24,673,11,2,1,96,4,2,3,4011,8232,0,18,3,4,1,5,5,2,4,2,1,3
"74",40,580,5,4,4,48,2,3,1,10475,23772,5,21,4,3,1,20,2,3,18,13,1,12
"75",44,1193,2,1,2,86,3,3,3,10209,19719,5,18,3,2,0,16,2,2,2,2,2,2
"76",32,634,5,4,2,35,4,1,4,3312,18783,3,17,3,4,2,6,3,3,3,2,0,2
"77",54,1082,2,4,3,41,2,3,3,10686,8392,6,11,3,2,1,13,4,3,9,4,7,0
"78",24,984,17,2,4,97,3,1,2,2210,3372,1,13,3,1,1,1,3,1,1,0,0,0
"79",29,1210,2,3,1,78,2,2,2,6644,3687,2,19,3,2,2,10,2,3,0,0,0,0
"80",38,693,7,3,4,57,4,1,3,2610,15748,1,11,3,4,3,4,2,3,4,2,0,3
"81",37,142,9,4,1,69,3,3,2,8834,24666,1,13,3,4,1,9,6,3,9,5,7,7
"82",34,304,2,3,4,60,3,2,4,6274,18686,1,22,4,3,0,6,5,3,6,5,1,4
"83",38,362,1,1,3,43,3,1,1,2619,14561,3,17,3,4,0,NA,3,2,0,0,0,0
"84",37,319,4,4,1,41,3,1,4,2793,2539,4,17,3,3,1,13,2,3,9,8,5,8
"85",47,217,3,3,4,49,3,4,3,13770,10225,9,12,3,4,2,28,2,2,22,2,11,13
"86",33,750,22,2,3,95,3,2,2,6146,15480,0,13,3,1,1,8,2,4,7,7,0,7
"87",23,1243,6,3,3,63,4,1,1,1601,3445,1,21,4,3,2,1,2,3,0,0,0,0
"88",48,855,4,3,4,54,3,3,4,7898,18706,1,11,3,3,0,11,2,3,10,9,0,8
"89",28,1476,16,2,2,68,4,NA,1,5661,4824,0,19,3,3,0,9,2,3,8,3,0,7
"90",26,683,2,1,1,36,2,1,4,3904,4050,0,12,3,4,0,5,2,3,4,3,1,1
"91",39,492,12,3,4,66,3,2,2,5295,7693,4,21,4,3,0,7,3,3,5,4,1,0
"92",58,1272,5,3,3,37,2,3,2,10552,9255,2,13,3,4,1,24,3,3,6,0,0,4
"93",36,1041,13,3,3,36,3,1,2,2143,25527,4,13,3,2,1,8,2,3,5,2,0,4
"94",53,661,7,2,1,78,2,3,4,10934,20715,7,18,3,4,1,35,3,3,5,2,0,4
"95",31,335,9,2,3,46,2,1,1,2321,10322,0,22,4,1,0,4,0,3,3,2,1,2
"96",58,601,7,4,3,53,2,3,1,10008,12023,7,14,3,4,0,31,0,2,10,9,5,9
"97",36,335,17,2,3,33,2,2,2,5507,16822,2,16,3,3,2,12,1,1,4,2,1,3
"98",42,933,29,3,2,98,3,2,2,4434,11806,1,13,3,4,1,10,3,2,9,8,7,8
"99",52,621,3,4,3,31,2,4,1,16856,10084,1,11,3,1,0,34,3,4,34,6,1,16
"100",40,1171,10,4,4,46,4,1,3,2213,22495,3,13,3,3,1,10,3,3,7,7,1,7
"101",36,1351,26,4,1,80,3,2,3,5347,7419,6,14,3,2,2,10,2,2,3,2,0,2
"102",21,895,9,2,1,39,3,1,4,2610,2851,1,24,4,3,0,3,3,2,3,2,2,2
"103",45,1238,1,1,3,74,2,3,3,10748,3395,3,23,4,4,1,25,3,2,23,15,14,4
"104",30,1275,28,2,4,64,3,2,4,5775,11934,1,13,3,4,2,11,2,3,10,8,1,9
"105",38,688,NA,4,4,82,3,2,4,5745,18899,9,14,3,2,1,10,2,3,2,2,1,2
"106",38,243,7,4,4,46,2,2,4,4028,7791,0,20,4,1,0,8,2,3,7,7,0,5
"107",35,1182,11,2,4,54,3,2,4,4968,18500,1,11,3,4,1,5,3,3,5,2,0,2
"108",36,1105,24,4,2,47,3,2,2,5674,6927,7,15,3,3,1,11,3,3,9,8,0,8
"109",41,1018,1,3,3,66,3,2,1,4103,4297,0,17,3,4,1,10,2,3,9,3,1,7
"110",33,722,17,3,4,38,3,4,3,17444,20489,1,11,3,4,0,10,2,3,10,8,6,0
"111",39,443,8,1,3,48,3,1,3,3755,17872,1,11,3,1,1,8,3,3,8,3,0,7
"112",39,1253,10,1,3,65,3,3,3,13464,7914,7,21,4,3,0,9,3,3,4,3,2,2
"113",58,147,23,4,4,94,3,3,4,10312,3465,1,12,3,4,1,40,3,2,40,10,15,6
"114",58,1055,1,3,4,76,3,5,1,19701,22456,3,21,4,3,1,32,3,3,9,8,1,5
"115",28,1217,1,3,3,67,3,1,1,3591,12719,1,25,4,3,1,3,3,3,3,2,1,2
"116",36,1351,9,4,1,66,4,1,2,2810,9238,1,22,4,2,0,5,3,3,5,4,0,2
"117",33,1075,3,2,4,57,3,1,2,2277,22650,3,11,3,3,1,7,4,4,4,3,0,3
"118",26,471,24,3,3,66,1,1,4,2340,23213,1,18,3,2,0,1,3,1,1,0,0,0
"119",25,883,26,1,3,32,3,2,4,6180,22807,1,23,4,2,0,6,5,2,6,5,1,4
"120",29,746,2,3,4,61,3,2,3,4649,16928,1,14,3,1,1,4,3,2,4,3,0,2
"121",26,192,1,2,1,59,2,1,1,3955,11141,1,16,3,1,2,6,2,3,5,3,1,3
"122",35,636,4,4,4,47,2,1,4,2376,26537,1,13,3,2,1,2,2,4,2,2,2,2
"123",30,740,1,3,2,64,2,2,1,9714,5323,1,11,3,4,1,10,4,3,10,8,6,7
"124",26,474,3,3,1,89,3,1,4,2061,11133,1,21,4,1,0,1,5,3,1,0,0,0
"125",36,530,2,4,3,51,3,2,4,4502,7439,3,15,3,3,0,17,2,2,13,7,6,7
"126",40,1202,2,1,2,89,4,2,3,6377,13888,5,20,4,2,3,15,0,3,12,11,11,8
"127",31,1062,224,3,3,96,2,2,1,6812,17198,1,19,3,2,0,10,2,3,10,9,1,8
"128",25,141,3,1,3,98,3,2,1,4194,14363,1,18,3,4,0,5,3,3,5,3,0,3
"129",37,309,10,4,4,88,2,2,4,6694,24223,2,14,3,3,3,8,5,3,1,0,0,0
"130",25,1280,7,1,4,64,2,1,4,2889,26897,1,11,3,3,2,2,2,3,2,2,2,1
"131",27,1167,4,2,1,76,3,1,3,2517,3208,1,11,3,2,3,5,2,3,5,3,0,3
"132",20,654,21,3,3,43,4,1,4,2678,5050,1,17,3,4,0,2,2,3,2,1,2,2
"133",54,1217,2,4,1,60,3,3,3,13549,24001,9,12,3,1,1,16,5,1,4,3,0,3
"134",30,855,7,4,4,73,3,2,1,4779,12761,7,14,3,2,2,8,3,3,3,2,0,2
"135",27,1055,2,4,1,47,3,2,4,4227,4658,0,18,3,2,1,4,2,3,3,2,2,2
"136",35,672,25,3,4,78,2,3,2,10903,9129,3,16,3,1,0,16,2,3,13,10,4,8
"137",53,1168,24,4,1,66,3,3,1,10448,5843,6,13,3,2,0,15,2,2,2,2,2,2
"138",26,390,17,4,4,62,1,1,3,2305,6217,1,15,3,3,3,3,3,4,3,2,0,2
"139",28,1434,5,4,3,50,3,1,3,3441,11179,1,13,3,3,0,2,3,2,2,2,2,2
"140",30,109,5,3,2,60,3,1,2,2422,25725,0,17,3,1,0,4,3,3,3,2,1,2
"141",42,557,18,4,4,35,3,2,1,5410,11189,6,17,3,3,1,9,3,2,4,3,1,2
"142",58,682,10,4,4,37,3,4,3,13872,24409,0,13,3,3,0,38,1,2,37,10,1,8
"143",34,943,9,3,4,86,3,3,4,8500,5494,0,11,3,4,1,10,0,2,9,7,1,6
"144",36,541,3,4,1,48,2,3,4,9699,7246,4,11,3,1,1,114,2,3,13,9,1,12
"145",59,818,6,2,2,52,3,1,3,2267,25657,8,17,3,4,0,7,2,2,2,2,2,2
"146",34,999,26,1,1,92,2,1,3,2029,15891,1,20,4,3,3,5,2,3,5,4,0,0
"147",34,971,1,3,4,64,2,3,3,7083,12288,1,14,3,4,0,10,3,3,10,9,8,6
"148",50,813,17,5,4,50,2,3,1,13269,21981,5,15,3,3,3,19,3,3,14,11,1,11
"149",45,930,9,3,4,74,3,3,1,10761,19239,4,12,3,3,1,18,2,3,5,4,0,2
"150",28,1451,2,1,1,67,2,1,2,3201,19911,0,17,3,1,0,6,2,1,5,3,0,4
"151",35,1180,2,2,2,90,3,2,4,5762,24442,2,14,3,3,1,15,6,3,7,7,1,7
"152",34,1003,2,2,4,95,3,2,3,4033,15834,2,11,3,4,0,5,3,2,3,2,0,2
"153",27,443,3,3,4,50,3,1,4,1706,16571,1,11,3,3,3,0,6,2,0,0,0,0
"154",40,1142,8,2,4,72,3,2,4,4069,8841,3,18,3,3,0,8,2,3,2,2,2,2
"155",32,1018,3,2,3,39,3,3,4,11159,19373,3,15,3,4,0,10,6,3,7,7,7,7
"156",39,1498,21,4,1,44,2,2,4,6120,3567,3,12,3,4,2,8,2,4,5,4,1,4
"157",32,862,2,1,3,76,3,1,1,2827,14947,1,12,3,3,3,1,3,3,1,0,0,0
"158",30,1176,20,3,3,85,3,2,1,9957,9096,0,15,3,3,1,7,1,2,6,2,0,2
"159",56,1162,24,2,1,97,3,1,4,2587,10261,1,16,3,4,0,5,3,3,4,2,1,0
"160",29,746,24,3,3,45,4,1,1,1091,10642,1,17,3,4,0,1,3,3,1,0,0,0
"161",27,1130,8,4,2,56,3,2,2,6214,3415,1,18,3,1,1,8,3,3,8,7,0,7
"162",38,216,23,3,4,44,2,3,3,9526,8787,0,21,4,2,0,10,2,3,9,7,1,8
"163",25,688,3,3,1,91,3,1,1,4031,9396,5,13,3,3,1,6,5,3,2,2,0,2
"164",40,300,26,3,3,74,3,2,1,8396,22217,1,14,3,2,1,8,3,2,7,7,7,5
"165",33,575,25,3,4,44,2,2,2,4320,24152,1,13,3,4,0,5,2,3,5,3,0,2
"166",51,770,5,3,3,84,3,4,2,14026,17588,1,11,3,2,1,33,2,3,33,9,0,10
"167",26,991,6,3,3,71,3,1,4,2659,17759,1,13,3,3,1,3,2,3,3,2,0,2
"168",38,168,1,3,3,81,3,3,3,7861,15397,4,14,3,4,0,10,4,4,1,0,0,0
"169",41,509,2,4,1,62,2,2,3,6811,2112,2,17,3,1,0,10,3,3,8,7,0,7
"170",22,534,15,3,2,59,3,1,4,2871,23785,1,15,3,3,0,1,5,3,0,0,0,0
"171",41,1283,5,5,2,90,4,1,3,2127,5561,2,12,3,1,0,7,5,2,4,2,0,3
"172",44,986,8,4,1,62,4,1,4,2818,5044,2,24,4,3,1,10,2,2,3,2,0,2
"173",36,1040,3,2,4,79,4,2,1,6842,26308,6,20,4,1,1,13,3,3,5,4,0,4
"174",38,1380,9,2,3,75,3,1,4,2288,6319,1,12,3,3,0,2,3,3,2,2,2,1
"175",36,1456,13,5,2,96,2,2,1,6134,8658,5,13,3,2,3,16,3,3,2,2,2,2
"176",26,1449,16,4,1,45,3,1,2,2373,14180,2,13,3,4,1,5,2,3,3,2,0,2
"177",35,464,4,2,3,75,3,1,4,1951,10910,1,12,3,3,1,1,3,3,1,0,0,0
"178",39,119,15,4,2,77,3,4,1,13341,25098,0,12,3,1,0,21,3,3,20,8,11,10
"179",29,468,28,4,4,73,2,1,1,3785,8489,1,14,3,2,0,5,3,1,5,4,0,4
"180",44,200,29,4,4,32,3,2,4,4541,7744,1,25,4,2,0,20,3,3,20,11,13,17
"181",31,408,9,4,3,42,2,1,2,2657,7551,0,16,3,4,0,3,5,3,2,2,2,2
"182",47,202,2,2,3,33,3,4,4,16752,12982,1,11,3,3,1,26,3,2,26,14,3,0
"183",47,1176,26,4,4,98,3,5,3,19658,5220,3,11,3,3,1,27,2,3,5,2,1,0
"184",52,1490,4,2,4,30,3,4,4,16555,10310,2,13,3,4,0,31,2,1,5,2,1,4
"185",47,1454,2,4,4,65,2,1,4,3294,13137,1,18,3,1,0,3,3,2,3,2,1,2
"186",19,303,2,3,2,47,2,1,4,1102,9241,1,22,4,3,0,1,3,2,1,0,1,0
"187",45,176,4,3,3,56,1,3,3,9756,6595,4,21,4,3,2,9,2,4,5,0,0,3
"188",49,1495,5,4,1,96,3,2,3,6651,21534,2,14,3,2,1,20,0,2,3,2,1,2
"189",40,804,2,1,4,86,2,1,4,2342,22929,0,20,4,4,0,5,2,2,4,2,2,3
"190",29,352,6,1,4,87,2,1,2,2804,15434,1,11,3,4,0,1,3,3,1,0,0,0
"191",41,314,1,3,4,59,2,5,3,19189,19562,1,12,3,2,1,22,3,3,22,7,2,10
"192",29,1329,7,3,3,82,3,2,4,6623,4204,1,11,3,2,2,6,2,3,6,0,1,0
"193",40,902,26,2,3,92,2,2,4,4422,21203,3,13,3,4,1,16,3,1,1,1,0,0
"194",54,548,8,4,3,42,3,2,3,3780,23428,7,11,3,3,0,19,3,3,1,0,0,0
"195",31,140,12,1,3,95,3,1,4,3929,6984,8,23,4,3,1,7,0,3,4,2,0,2
"196",37,342,16,4,4,66,2,2,3,6334,24558,4,19,3,4,2,9,2,3,1,0,0,0
"197",49,465,6,1,3,41,2,4,3,13966,11652,2,19,3,2,1,30,3,3,15,11,2,12
"198",38,1327,2,2,4,39,2,2,4,5249,19682,3,18,3,4,1,13,0,3,8,7,7,5
"199",35,1315,22,3,2,71,4,3,2,11996,19100,7,18,3,2,1,10,6,2,7,7,6,2
"200",60,1179,16,4,1,84,3,2,1,5405,11924,8,14,3,4,0,10,1,3,2,2,2,2
"201",29,408,23,1,4,45,2,3,1,7336,11162,1,13,3,1,1,11,3,1,11,8,3,10
"202",32,824,5,2,4,67,2,2,2,5878,15624,3,12,3,1,1,12,2,3,7,1,2,5
"203",29,136,1,3,1,89,3,2,1,5373,6225,0,12,3,1,1,6,5,2,5,3,0,2
"204",35,1370,27,4,4,49,3,2,3,6883,5151,2,16,3,2,1,17,3,3,7,7,0,7
"205",52,258,8,4,3,54,3,1,1,2950,17363,9,13,3,3,0,12,2,1,5,4,0,4
"206",36,1467,11,2,2,92,3,3,4,9738,22952,0,14,3,3,1,10,6,3,9,7,2,8
"207",30,464,4,3,3,40,3,1,4,2285,3427,9,23,4,3,0,3,4,3,1,0,0,0
"208",35,992,1,3,4,68,2,1,1,2450,21731,1,19,3,2,0,3,3,3,3,0,1,2
"209",41,857,10,3,4,91,2,4,1,17181,12888,4,13,3,2,1,21,2,2,7,6,7,7
"210",37,1225,10,2,4,80,4,1,4,4680,15232,3,17,3,1,0,4,2,3,1,0,0,0
"211",29,115,13,3,1,51,3,2,2,5765,17485,5,11,3,1,0,7,4,1,5,3,0,0
"212",36,164,2,2,2,61,2,3,3,7596,3809,1,13,3,2,2,10,2,3,10,9,9,0
"213",46,1277,2,3,3,74,3,3,4,10368,5596,4,12,3,2,1,13,5,2,10,6,0,3
"214",30,721,1,2,3,58,3,2,4,4011,10781,1,23,4,4,0,12,2,3,12,8,3,7
"215",43,957,28,3,2,72,4,1,3,4739,16090,4,12,3,4,0,18,2,3,3,2,1,2
"216",29,592,7,3,4,59,3,1,1,2062,19384,3,14,3,2,0,11,2,3,3,2,1,2
"217",45,549,8,4,4,75,3,2,4,3697,9278,9,14,3,1,2,12,3,3,10,9,9,8
"218",37,1231,21,2,3,54,3,1,4,2973,21222,5,15,3,2,1,10,3,3,5,4,0,0
"219",34,296,6,2,4,33,1,1,3,2351,12253,0,16,3,4,1,3,3,2,2,2,1,0
"220",33,867,8,4,4,90,4,1,1,3143,6076,6,19,3,2,1,14,1,3,10,8,7,6
"221",28,1157,2,4,1,84,1,1,4,3464,24737,5,13,3,4,0,5,4,2,3,2,2,2
"222",36,1218,9,4,3,82,2,1,1,3407,6986,7,23,4,2,0,10,4,3,5,3,0,3
"223",29,1496,1,1,4,41,3,2,3,4319,26283,1,13,3,1,1,10,1,3,10,7,0,9
"224",38,1186,3,4,3,44,3,1,3,2821,2997,3,16,3,1,1,8,2,3,2,2,2,2
"225",41,1411,19,2,3,36,3,2,1,3072,19877,2,16,3,1,2,17,2,2,1,0,0,0
"226",31,703,2,3,3,90,2,1,4,2785,11882,7,14,3,3,0,3,3,4,1,0,0,0
"227",36,1229,8,4,1,84,3,2,4,5079,25952,4,13,3,4,2,12,3,3,7,7,0,7
"228",34,1333,10,4,3,87,3,1,3,2220,18410,1,19,3,4,1,1,2,3,1,1,0,0
"229",28,1179,19,4,4,78,2,1,1,3196,12449,1,12,3,3,3,6,2,3,6,5,3,3
"230",35,890,2,3,4,97,3,1,4,2014,9687,1,13,3,1,0,2,3,3,2,2,2,2
"231",38,1404,1,3,1,59,2,1,1,2858,11473,4,14,3,1,0,20,3,2,1,0,0,0
"232",29,942,15,1,2,69,1,1,4,2168,26933,0,18,3,1,1,6,2,2,5,4,1,3
"233",33,1146,25,3,2,82,3,2,3,4539,4905,1,12,3,1,1,10,3,2,10,7,0,1
"234",31,480,7,2,2,31,3,2,1,4306,4156,1,12,3,2,1,13,5,1,13,10,3,12
"235",23,638,9,3,4,33,3,1,1,1790,26956,1,19,3,1,1,1,3,2,1,0,1,0
"236",31,1154,2,2,1,54,3,1,3,3067,6393,0,19,3,3,1,3,1,3,2,2,1,2
"237",27,975,7,3,4,55,2,2,1,6811,23398,8,19,3,1,0,9,2,1,7,6,0,7
"238",30,879,9,2,3,72,3,2,3,4695,12858,7,18,3,3,0,10,3,3,8,4,1,7
"239",21,1334,10,3,3,36,2,1,1,1416,17258,1,13,3,1,0,1,6,2,1,0,1,0
"240",30,1427,2,1,2,35,2,1,4,2720,11162,0,13,3,4,0,6,3,3,5,3,1,2
"241",36,530,3,1,3,51,2,3,4,10325,5518,1,11,3,1,1,16,6,3,16,7,3,7
"242",34,1153,1,2,1,94,3,2,2,4325,17736,1,15,3,3,0,5,2,3,5,2,1,3
"243",21,546,5,1,3,97,3,1,4,3117,26009,1,18,3,3,0,3,2,3,2,2,2,2
"244",35,619,1,3,2,85,3,2,3,4717,18659,9,11,3,3,0,15,2,3,11,9,6,9
"245",42,288,2,3,4,40,3,3,4,10124,18611,2,14,3,3,1,24,3,1,20,8,13,9
"246",29,657,27,3,2,66,3,2,3,4335,25549,4,12,3,1,1,11,3,2,8,7,1,1
"247",18,230,3,3,3,54,3,1,3,1420,25233,1,13,3,3,0,0,2,3,0,0,0,0
"248",46,1485,18,3,3,87,3,2,3,4810,26314,2,14,3,3,1,19,5,2,10,7,0,8
"249",27,1450,3,3,3,79,2,1,3,2566,25326,1,15,3,4,1,1,2,2,1,1,0,1
"250",37,1439,4,1,3,54,3,1,3,2996,5182,7,15,3,4,0,8,2,3,6,4,1,3
"251",31,667,1,4,2,50,1,1,3,1359,16154,1,12,3,2,0,1,3,3,1,0,0,0
"252",29,1413,1,1,2,42,3,3,4,7918,6599,1,14,3,4,1,11,5,3,11,10,4,1
"253",27,1469,1,2,4,82,3,1,2,3816,17881,1,11,3,2,1,5,2,3,5,2,0,4
"254",21,1343,22,1,3,49,3,1,3,3447,24444,1,11,3,3,0,3,2,3,3,2,1,2
"255",60,1499,28,3,3,80,2,3,1,10266,2845,4,19,3,4,0,22,5,4,18,13,13,11
"256",35,1229,8,1,4,36,4,1,4,2269,4892,1,19,3,4,0,1,2,3,1,0,0,1
"257",46,228,3,3,3,51,3,4,2,16606,11380,8,12,3,4,1,23,2,4,13,12,5,1
"258",34,1440,7,2,2,55,3,1,3,2308,4944,0,25,4,2,1,12,4,3,11,10,5,7
"259",23,1309,26,1,3,83,3,1,4,2904,16092,1,12,3,3,2,4,2,2,4,2,0,2
"260",29,1107,28,4,3,93,3,1,4,2514,26968,4,22,4,1,1,11,1,3,7,5,1,7
"261",51,968,6,2,2,40,2,1,3,2838,4257,0,14,3,2,0,8,6,2,7,0,7,7
"262",35,1224,7,4,3,55,3,2,4,5204,13586,1,11,3,4,0,10,2,3,10,8,0,9
"263",30,160,3,3,3,71,3,1,3,2083,22653,1,20,4,3,1,1,2,3,1,0,0,0
"264",56,1240,9,3,1,63,3,1,3,2942,12154,2,19,3,2,1,18,4,3,5,4,0,3
"265",31,163,24,1,4,30,3,2,4,5238,6670,2,20,4,4,0,9,3,2,5,4,1,4
"266",31,325,5,3,2,74,3,2,1,9936,3787,0,19,3,2,0,10,2,3,9,4,1,7
"267",25,882,19,1,4,67,3,1,4,3669,9075,3,11,3,3,3,7,6,2,3,2,1,2
"268",41,918,6,3,4,35,3,3,3,9241,15869,1,12,3,2,0,10,3,3,10,8,8,7
"269",37,290,21,3,2,65,4,1,1,3564,22977,1,12,3,1,1,8,3,2,8,7,1,7
"270",40,1479,24,3,2,100,4,4,2,13194,17071,4,16,3,4,0,22,2,2,1,0,0,0
"271",45,1457,7,3,1,83,3,1,3,4477,20100,4,19,3,3,1,7,2,2,3,2,0,2
"272",28,821,5,4,1,98,3,2,4,4908,24252,1,14,3,2,0,4,3,3,4,2,0,2
"273",28,289,2,2,3,38,2,1,1,2561,5355,7,11,3,3,0,8,2,2,0,0,0,0
"274",34,628,8,3,2,82,4,2,3,4404,10228,2,12,3,1,0,6,3,4,4,3,1,2
"275",53,102,23,4,4,72,3,4,4,14275,20206,6,18,3,3,0,33,0,3,12,9,3,8
"276",37,625,1,4,1,46,2,3,3,10609,14922,5,11,3,3,0,17,2,1,14,1,11,7
"277",42,1128,13,3,2,95,4,2,1,5538,5696,5,18,3,3,2,10,2,2,0,0,0,0
"278",34,303,2,4,3,75,3,1,3,2231,11314,6,18,3,4,1,6,3,3,4,3,1,2
"279",54,1147,3,3,4,52,3,2,1,5940,17011,2,14,3,4,1,16,4,3,6,2,0,5
"280",44,621,15,3,1,73,3,3,4,7978,14075,1,11,3,4,1,10,2,3,10,7,0,5
"281",41,1102,1,2,2,94,3,2,4,5993,19479,8,11,3,1,0,8,0,1,6,4,0,5
"282",35,1361,17,4,3,94,3,2,1,8966,21026,3,15,3,4,3,15,2,3,7,7,1,7
"283",29,144,10,1,4,39,2,2,2,8268,11866,1,14,3,1,2,7,2,3,7,7,1,7
"284",54,1441,17,3,3,56,3,3,3,10739,13943,8,11,3,3,1,22,2,3,10,7,0,8
"285",27,591,2,1,1,40,3,1,2,3468,16632,9,12,3,4,1,6,3,3,2,2,2,2
"286",30,852,1,1,4,55,2,2,4,5126,15998,1,12,3,3,2,10,1,2,10,8,3,0
"287",29,442,2,2,2,44,3,2,4,4554,20260,1,18,3,1,0,10,3,2,10,7,0,9
"288",37,397,7,4,1,30,3,3,3,13664,25258,4,13,3,1,0,16,3,4,5,2,0,2
"289",46,563,1,4,4,56,4,4,1,17567,3156,1,15,3,2,0,27,5,1,26,0,0,12
"290",35,1225,2,4,4,61,3,2,1,5093,4761,2,11,3,1,1,16,2,4,1,0,0,0
"291",38,508,6,4,1,72,2,2,3,5321,14284,2,11,3,4,1,10,1,3,8,3,7,7
"292",30,1012,5,4,2,75,2,1,4,3761,2373,9,12,3,2,1,10,3,2,5,4,0,3
"293",40,692,11,3,4,73,3,2,3,6323,26849,1,11,3,1,1,10,2,4,10,9,9,4
"294",31,192,2,4,3,32,3,1,4,2695,7747,0,18,3,2,1,3,2,1,2,2,2,2
"295",34,511,3,2,4,32,1,2,4,6029,25353,5,12,3,1,0,6,3,3,2,2,2,2
"296",22,1230,1,2,4,33,2,2,4,4775,19146,6,22,4,1,2,4,2,1,2,2,2,2
"297",36,607,7,3,1,83,4,2,1,4639,2261,2,16,3,4,1,17,2,2,15,7,6,13
"298",38,433,1,3,3,37,4,1,3,2844,6004,1,13,3,4,1,7,2,4,7,6,5,0
"299",37,1413,5,2,3,84,4,1,3,3500,25470,0,14,3,1,0,7,2,1,6,5,1,3
"300",48,1262,1,4,1,35,4,4,4,16885,16154,2,22,4,3,0,27,3,2,5,4,2,1
"301",29,896,18,1,3,86,2,1,4,2389,14961,1,13,3,3,0,4,3,2,4,3,0,1
"302",27,1337,22,3,1,58,2,1,2,2863,19555,1,12,3,1,0,1,2,3,1,0,0,0
"303",40,107,10,3,2,84,2,2,2,6852,11591,7,12,3,2,1,7,2,4,5,1,1,3
"304",35,1214,1,3,2,30,2,1,3,2859,26278,1,18,3,1,0,6,3,3,6,4,0,4
"305",36,217,18,4,1,78,3,2,4,7779,23238,2,20,4,1,0,18,0,3,11,9,0,9
"306",30,305,16,3,3,58,4,2,3,5294,9128,3,16,3,3,1,10,3,3,7,0,1,7
"307",26,1349,23,3,1,90,3,1,4,2886,3032,1,22,4,2,2,3,3,1,3,2,0,2
"308",35,583,25,4,3,57,3,3,3,10388,6975,1,11,3,3,1,16,3,2,16,10,10,1
"309",31,587,2,4,4,57,3,3,3,9852,8935,1,19,3,1,1,10,5,2,10,8,9,6
"310",35,1490,11,4,4,43,3,1,3,2660,20232,7,11,3,3,1,5,3,3,2,2,2,2
"311",33,536,10,5,4,82,4,3,3,8380,21708,0,14,3,4,2,10,3,3,9,8,0,8
"312",56,713,8,3,3,67,3,1,1,4257,13939,4,18,3,3,1,19,3,3,2,2,2,2
"313",40,1329,7,3,1,73,3,1,1,2166,3339,3,14,3,2,0,10,3,1,4,2,0,3
"314",27,994,8,3,4,37,3,3,3,8726,2975,1,15,3,4,0,9,0,3,9,8,1,7
"315",37,1192,5,2,4,61,3,2,4,6347,23177,7,16,3,3,2,8,2,2,6,2,0,4
"316",33,587,10,1,1,38,1,1,4,3408,6705,7,13,3,1,3,8,2,3,4,3,1,3
"317",45,1316,29,3,3,83,3,1,4,3452,9752,5,13,3,2,0,9,2,2,6,5,0,3
"318",47,1162,1,1,3,98,3,3,2,11957,17231,0,18,3,1,2,14,3,1,13,8,5,12
"319",48,708,7,2,4,95,3,1,3,2655,11740,2,11,3,3,2,19,3,3,9,7,7,7
"320",55,836,8,3,4,33,3,4,3,14756,19730,2,14,3,3,3,21,2,3,5,0,0,2
"321",35,750,28,3,2,46,4,2,3,3407,25348,1,17,3,4,2,10,3,2,10,9,6,8
"322",41,1356,20,2,2,70,3,1,2,3140,21728,1,22,4,4,0,4,5,2,4,3,0,2
"323",28,120,4,3,2,43,3,2,3,4221,8863,1,15,3,2,0,5,3,4,5,4,0,4
"324",52,585,29,4,1,40,3,1,4,3482,19788,2,15,3,2,2,16,3,2,9,8,0,0
"325",49,271,3,2,3,43,2,2,1,4789,23070,4,25,4,1,1,10,3,3,3,2,1,2
"326",53,1376,2,2,3,45,3,4,3,14852,13938,6,13,3,3,1,22,3,4,17,13,15,2
"327",37,408,19,2,2,73,3,1,2,3022,10227,4,21,4,1,0,8,1,3,1,0,0,0
"328",31,793,20,3,3,67,4,1,4,2791,21981,0,12,3,1,1,3,4,3,2,2,2,2
"329",38,1009,2,2,2,31,3,2,1,6893,19461,3,15,3,4,1,11,3,3,7,7,1,7
"330",59,326,3,3,3,48,2,2,4,5171,16490,5,17,3,4,0,13,2,3,6,1,0,5
"331",37,1319,6,3,3,51,4,2,1,5974,17001,4,13,3,1,2,13,2,3,7,7,6,7
"332",42,544,2,1,3,52,3,1,3,2696,24017,0,11,3,3,1,4,5,3,3,2,1,0
"333",33,530,16,3,3,36,3,2,4,5368,16130,1,25,4,3,1,7,2,3,6,5,1,2
"334",38,240,2,4,1,75,4,2,1,5980,26085,6,12,3,4,0,17,2,3,15,7,4,12
"335",58,390,1,4,4,32,1,2,3,5660,17056,2,13,3,4,1,12,2,3,5,3,1,2
"336",34,618,3,1,1,45,3,2,4,7756,22266,0,17,3,3,0,7,1,2,6,2,0,4
"337",41,267,10,2,4,56,3,2,4,6230,13430,7,14,3,4,0,16,3,3,14,3,1,10
"338",44,1117,2,1,1,72,4,1,4,2011,19982,1,13,3,4,1,10,5,3,10,5,7,7
"339",40,593,9,4,2,88,3,3,3,13499,13782,9,17,3,3,0,20,3,2,18,7,2,13
"340",32,1311,7,3,2,100,4,1,2,2794,26062,1,20,4,3,0,5,3,1,5,1,0,3
"341",31,1232,7,4,3,39,3,3,4,7143,25713,1,14,3,3,0,11,2,2,11,9,4,10
"342",20,727,9,1,4,54,3,1,1,2728,21082,1,11,3,1,0,2,3,3,2,2,0,2
"343",34,470,2,4,4,84,2,2,1,5957,23687,6,13,3,2,1,13,3,3,11,9,5,9
"344",38,1261,2,4,4,88,3,2,3,6553,7259,9,14,3,2,0,14,3,3,1,0,0,0
"345",28,1404,17,3,3,32,2,1,4,2367,18779,5,12,3,1,1,6,2,2,4,1,0,3
"346",29,1176,3,2,2,62,3,2,3,5561,3487,1,14,3,1,1,6,5,2,6,0,1,2
"347",29,1370,3,1,2,87,3,1,1,4723,16213,1,18,3,4,0,10,3,3,10,9,1,5
"348",31,979,1,4,3,90,1,2,3,4345,4381,0,12,3,4,1,6,2,3,5,4,1,4
"349",44,921,2,3,3,96,4,3,4,7879,14810,1,19,3,2,1,9,2,3,8,7,6,7
"350",28,280,1,2,3,43,3,1,4,2706,10494,1,15,3,2,1,3,2,3,3,2,2,2
"351",53,346,6,3,4,86,3,2,4,2450,10919,2,17,3,4,0,19,4,3,2,2,2,2
"352",41,247,7,1,2,55,1,5,3,19973,20284,1,22,4,2,2,21,3,3,21,16,5,10
"353",47,249,2,2,3,35,3,2,4,4537,17783,0,22,4,1,1,8,2,3,7,6,7,7
"354",42,201,1,4,2,95,3,1,1,2576,20490,3,16,3,2,1,8,5,3,5,2,1,2
"355",33,1141,1,3,3,42,4,2,1,5376,3193,2,19,3,1,2,10,3,3,5,3,1,3
"356",50,1464,2,4,2,62,3,5,3,19237,12853,2,11,3,4,1,29,2,2,8,1,7,7
"357",28,857,10,3,3,59,3,2,3,3660,7909,3,13,3,4,0,10,4,4,8,7,1,7
"358",53,1395,24,4,2,48,4,3,4,7005,3458,3,15,3,3,0,11,2,3,4,3,1,2
"359",43,313,21,3,4,61,3,1,4,2258,15238,7,20,4,1,1,8,1,3,3,2,1,2
"360",35,727,3,3,3,41,2,1,3,1281,16900,1,18,3,3,2,1,3,3,1,0,0,0
"361",53,661,1,4,1,60,2,4,3,12965,22308,4,20,4,4,3,27,2,2,3,2,0,2
"362",45,589,2,4,3,67,3,2,3,5154,19665,4,22,4,2,2,10,3,4,8,7,5,7
"363",33,217,10,4,2,43,3,2,3,5487,10410,1,14,3,2,0,10,2,2,10,4,0,9
"364",52,1323,2,3,3,89,2,1,4,3212,3300,7,15,3,2,0,6,3,2,2,2,2,2
"365",31,976,3,2,3,48,3,1,1,3065,3995,1,13,3,4,1,4,3,4,4,2,2,3
"366",42,1059,9,2,4,93,2,5,4,19613,26362,8,22,4,4,0,24,2,3,1,0,0,1
"367",29,121,27,3,2,35,3,3,4,7639,24525,1,22,4,4,3,10,3,2,10,4,1,9
"368",26,1443,23,3,3,47,2,2,4,4157,21436,7,19,3,3,1,5,2,2,2,2,0,0
"369",29,1378,13,2,4,46,2,2,2,4025,23679,4,13,3,1,1,10,2,3,4,3,0,3
"370",27,269,5,1,3,42,2,3,4,12808,8842,1,16,3,2,1,9,3,3,9,8,0,8
"371",30,334,26,4,3,52,2,2,1,6696,22967,5,15,3,3,0,9,5,2,6,3,0,1
"372",56,1369,23,3,4,68,3,4,2,13402,18235,4,12,3,1,1,33,0,3,19,16,15,9
"373",40,1124,1,2,2,57,1,2,4,7457,13273,2,22,4,3,3,6,2,2,4,3,0,2
"374",55,282,2,2,4,58,1,5,3,19187,6992,4,14,3,4,1,23,5,3,19,9,9,11
"375",30,853,7,4,3,49,3,2,3,3491,11309,1,13,3,1,3,10,4,2,10,7,8,9
"376",33,1111,5,1,2,61,3,2,4,9998,19293,6,13,3,1,0,8,2,4,5,4,1,2
"377",41,1085,2,4,2,57,1,1,4,2778,17725,4,13,3,3,1,10,1,2,7,7,1,0
"378",44,1313,7,3,2,31,3,5,4,19049,3549,0,14,3,4,1,23,4,2,22,7,1,10
"379",29,408,25,5,3,71,2,1,2,2546,18300,5,16,3,2,0,6,2,4,2,2,1,1
"380",53,238,1,1,4,34,3,2,1,8381,7507,7,20,4,4,0,18,2,4,14,7,8,10
"381",32,1474,11,4,4,60,4,2,3,4707,23914,8,12,3,4,0,6,2,3,4,2,1,2
"382",26,786,7,3,4,76,3,1,4,2570,11925,1,20,4,3,0,7,5,3,7,7,5,7
"383",30,946,2,3,3,52,2,2,4,6877,20234,5,24,4,2,0,12,4,2,0,0,0,0
"384",36,325,10,4,4,63,3,3,3,7094,5747,3,12,3,1,0,10,0,3,7,7,1,7
"385",32,1093,6,4,2,87,3,2,3,5010,24301,1,16,3,1,0,12,0,3,11,8,5,7
"386",37,367,25,2,3,52,2,2,4,5731,17171,7,13,3,3,2,9,2,3,6,2,1,3
"387",45,1038,20,3,2,95,1,3,1,10851,19863,2,18,3,2,1,24,2,3,7,7,0,7
"388",46,1125,10,3,3,94,2,3,4,9071,11563,2,19,3,3,1,15,3,3,3,2,1,2
"389",34,1362,19,3,1,67,4,2,4,5304,4652,8,13,3,2,0,9,3,2,5,2,0,4
"390",26,482,1,2,2,90,2,1,3,2933,14908,1,13,3,3,1,1,3,2,1,0,1,0
"391",26,342,2,3,1,57,3,1,1,2042,15346,6,14,3,2,1,6,2,3,3,2,1,2
"392",22,457,26,2,2,85,2,1,3,2814,10293,1,14,3,2,0,4,2,2,4,2,1,3
"393",35,528,8,4,3,100,3,1,3,4323,7108,1,17,3,2,0,6,2,1,5,4,1,4
"394",32,929,10,3,4,55,3,2,4,5396,21703,1,12,3,4,0,10,2,2,10,7,0,8
"395",28,783,1,2,3,42,2,2,4,6834,19255,1,12,3,3,1,7,2,3,7,7,0,7
"396",32,1033,9,3,1,41,3,1,1,4200,10224,7,22,4,1,0,10,2,4,5,4,0,4
"397",27,1242,20,3,4,90,3,2,3,9981,12916,1,14,3,4,0,7,2,3,7,7,0,7
"398",31,1222,11,4,4,48,3,1,4,2356,14871,3,19,3,2,1,8,2,3,6,4,0,2
"399",46,1009,2,3,1,51,3,4,3,17861,2288,6,13,3,3,0,26,2,1,3,2,0,1
"400",41,1200,22,3,4,75,3,2,4,5467,13953,3,14,3,1,2,12,4,2,6,2,3,3
"401",46,150,2,4,4,60,3,2,4,7379,17433,2,11,3,3,1,12,3,2,6,3,1,4
"402",32,585,10,3,1,56,3,1,3,3433,17360,6,13,3,1,1,10,3,2,5,2,1,3
"403",28,895,15,2,1,50,3,1,3,2207,22482,1,16,3,4,1,4,5,2,4,2,2,2
"404",29,1252,23,2,3,81,4,1,3,2700,23779,1,24,4,3,1,10,3,3,10,7,0,7
"405",32,498,3,4,3,93,3,2,1,6725,13554,1,12,3,3,1,8,2,4,8,7,6,3
"406",54,1050,11,4,2,87,3,4,4,16032,24456,3,20,4,1,1,26,2,3,14,9,1,12
"407",35,662,18,4,4,67,3,2,3,4614,23288,0,18,3,3,1,5,0,2,4,2,3,2
"408",50,264,9,3,3,59,3,5,3,19331,19519,4,16,3,3,1,27,2,3,1,0,0,0
"409",25,583,4,1,3,87,2,2,1,4256,18154,1,12,3,1,0,5,1,4,5,2,0,3
"410",32,117,13,4,2,73,3,2,4,4403,9250,2,11,3,3,1,8,3,2,5,2,0,3
"411",39,170,3,2,3,76,2,2,3,3069,10302,0,15,3,4,1,11,3,3,10,8,0,7
"412",27,1240,2,4,4,33,3,1,1,2341,19715,1,13,3,4,1,1,6,3,1,0,0,0
"413",40,369,8,2,2,92,3,2,1,6516,5041,2,16,3,2,1,18,3,3,1,0,0,0
"414",34,419,7,4,1,53,3,3,2,11994,21293,0,11,3,3,0,13,4,3,12,6,2,11
"415",35,1296,5,4,3,62,3,3,2,8095,18264,0,13,3,4,0,17,5,3,16,6,0,13
"416",34,254,1,2,2,83,2,1,4,3622,22794,1,13,3,4,1,6,3,3,6,5,1,3
"417",39,1383,2,3,4,42,2,2,4,5204,7790,8,11,3,3,2,13,2,3,5,4,0,4
"418",48,626,1,2,1,98,2,3,3,5381,19294,9,13,3,4,0,23,2,3,1,0,0,0
"419",50,854,1,4,4,68,3,5,4,19517,24118,3,11,3,3,1,32,3,2,7,0,0,6
"420",36,884,1,4,2,73,3,2,3,6815,21447,6,13,3,1,0,15,5,3,1,0,0,0
"421",45,1297,1,4,2,44,3,2,3,5399,14511,4,12,3,3,0,12,3,3,4,2,0,3
"422",32,588,8,2,3,65,2,2,2,5228,24624,1,11,3,4,0,13,2,3,13,12,11,9
"423",39,117,10,1,3,99,3,4,1,17068,5355,1,14,3,4,0,21,3,3,21,9,11,10
"424",54,821,5,2,1,86,3,5,1,19406,8509,4,11,3,3,1,24,4,2,4,2,1,2
"425",37,571,10,1,4,82,3,1,1,2782,19905,0,13,3,2,2,6,3,2,5,3,4,3
"426",35,607,9,3,4,66,2,3,3,10685,23457,1,20,4,2,1,17,2,3,17,14,5,15
"427",37,1189,3,3,3,87,3,3,4,7428,14506,2,12,3,1,0,12,3,3,5,3,1,3
"428",34,1400,9,1,2,70,3,2,3,5714,5829,1,20,4,1,0,6,3,2,6,5,1,3
"429",34,1351,1,4,2,45,3,2,4,5484,13008,9,17,3,2,1,9,3,2,2,2,2,1
"430",36,917,6,4,3,60,1,1,3,2741,6865,1,14,3,3,1,7,4,3,7,7,1,7
"431",26,933,1,3,3,57,3,2,3,5296,20156,1,17,3,2,1,8,3,3,8,7,7,7
"432",47,1001,4,3,3,92,2,3,2,10333,19271,8,12,3,3,1,28,4,3,22,11,14,10
"433",55,267,13,4,1,85,4,4,3,13695,9277,6,17,3,3,0,24,2,2,19,7,3,8
"434",29,806,1,4,2,76,1,1,4,2720,18959,1,18,3,4,1,10,5,3,10,7,2,8
"435",56,441,14,4,2,72,3,1,2,4963,4510,9,18,3,1,3,7,2,3,5,4,4,3
"436",33,832,5,4,3,63,2,1,4,2911,14776,1,13,3,3,1,2,2,2,2,2,0,2
"437",30,1116,2,3,3,49,3,1,4,2564,7181,0,14,3,3,0,12,2,2,11,7,6,7
"438",37,728,1,4,1,80,3,3,4,13603,11677,2,18,3,1,2,15,2,3,5,2,0,2
"439",40,1137,1,4,1,98,3,4,1,16823,18991,2,11,3,1,1,22,3,3,19,7,11,16
"440",35,817,1,3,4,60,2,2,4,5363,10846,0,12,3,2,1,10,0,3,9,7,0,0
"441",39,592,2,3,1,54,2,1,1,3646,17181,2,23,4,2,0,11,2,4,1,0,0,0
"442",31,106,2,3,1,62,2,2,1,6410,17822,3,12,3,4,0,9,1,3,2,2,1,0
"443",37,589,9,2,2,46,2,2,2,4189,8800,1,14,3,1,2,5,2,3,5,2,0,3
"444",43,574,11,3,1,30,3,3,3,7510,16873,1,17,3,2,1,10,1,3,10,9,0,9
"445",26,1283,1,3,3,52,2,2,1,4294,11148,1,12,3,2,0,7,2,3,7,7,0,7
"446",42,188,29,3,2,56,1,2,4,4272,9558,4,19,3,1,0,16,3,3,1,0,0,0
"447",30,979,15,2,3,94,2,3,1,7140,3088,2,11,3,1,1,12,2,3,7,7,1,7
"448",42,265,5,2,4,90,3,5,3,18303,7770,6,13,3,2,0,21,3,4,1,0,0,0
"449",40,1194,1,3,3,52,3,2,4,6513,9060,4,17,3,4,1,12,3,3,5,3,0,3
"450",27,1157,17,3,3,51,3,1,2,3058,13364,0,16,3,4,1,6,3,2,5,2,1,1
"451",20,769,9,3,4,54,3,1,4,2323,17205,1,14,3,2,0,2,3,3,2,2,0,2
"452",34,967,16,4,4,85,1,1,1,2307,14460,1,23,4,2,1,5,2,3,5,2,3,0
"453",24,1371,10,4,4,77,3,2,3,4260,5915,1,12,3,4,1,5,2,4,5,2,0,3
"454",48,530,29,1,1,91,3,3,3,12504,23978,3,21,4,2,1,15,3,1,0,0,0,0
"455",45,336,26,3,1,52,2,2,1,4385,24162,1,15,3,1,1,10,2,3,10,7,4,5
"456",39,792,1,3,4,77,3,2,4,6472,8989,1,15,3,4,1,9,2,3,9,8,5,8
"457",37,807,6,4,3,63,3,1,1,2073,23648,4,22,4,4,0,7,3,3,3,2,0,2
"458",54,971,1,3,4,54,3,4,4,17328,5652,6,19,3,4,0,29,3,2,20,7,12,7
"459",38,903,2,3,3,81,3,2,2,4855,7653,4,11,3,1,2,7,2,3,5,2,1,4
"460",30,1092,10,3,1,64,3,3,3,9667,2739,9,14,3,2,0,9,3,3,7,7,0,2
"461",55,1091,2,1,4,65,3,3,2,10976,15813,3,18,3,2,1,23,4,3,3,2,1,2
"462",24,381,9,3,2,89,3,1,1,3172,16998,2,11,3,3,0,4,2,2,0,0,0,0
"463",38,201,10,3,2,99,1,3,3,13206,3376,3,12,3,1,1,20,3,3,18,16,1,11
"464",32,601,7,5,4,97,3,2,4,9204,23343,4,12,3,3,1,7,3,2,4,3,0,3
"465",37,504,10,3,1,61,3,3,3,10048,22573,6,11,3,2,2,17,5,3,1,0,0,0
"466",31,1112,5,4,1,67,3,2,4,5476,22589,1,11,3,1,2,10,2,3,10,0,0,2
"467",43,775,15,3,4,47,2,2,4,6804,23683,3,18,3,3,1,7,5,3,2,2,2,2
"468",38,1084,29,3,4,54,3,2,4,6261,4185,3,18,3,1,1,9,3,1,7,7,1,7
"469",58,1216,15,4,1,87,3,4,3,15787,21624,2,14,3,2,0,23,3,3,2,2,2,2
"470",38,397,2,2,4,54,2,3,3,7756,14199,3,19,3,4,1,10,6,4,5,4,0,2
"471",55,836,2,4,2,98,2,1,4,2662,7975,8,20,4,2,1,19,2,4,5,2,0,4
"472",23,541,2,1,3,62,3,1,1,2322,9518,3,13,3,3,1,3,3,3,0,0,0,0
"473",34,1031,6,4,3,45,2,2,2,4505,15000,6,15,3,3,1,12,3,3,1,0,0,0
"474",27,1302,19,3,4,67,2,1,1,4066,16290,1,11,3,1,2,7,3,3,7,7,0,7
"475",27,1115,3,4,1,54,2,1,4,2045,15174,0,13,3,4,0,5,0,3,4,2,1,1
"476",33,970,7,3,4,30,3,2,2,4302,13401,0,17,3,3,1,4,3,3,3,2,0,2
"477",43,782,6,4,2,50,2,4,4,16627,2671,4,14,3,3,1,21,3,2,1,0,0,0
"478",31,1125,7,4,1,68,3,3,1,9637,8277,2,14,3,4,2,9,3,3,3,2,2,2
"479",28,1485,12,1,3,79,3,1,4,2515,22955,1,11,3,4,0,1,4,2,1,1,0,0
"480",49,1313,11,4,4,80,3,2,4,4507,8191,3,12,3,3,0,8,1,4,5,1,0,4
"481",31,798,7,2,3,48,2,3,3,8943,14034,1,24,4,1,1,10,2,3,10,9,8,9
"482",36,1195,11,3,2,95,2,2,2,6499,22656,1,13,3,3,0,6,3,3,6,5,0,3
"483",35,1097,11,2,3,79,2,3,1,9884,8302,2,13,3,3,1,10,3,3,4,0,2,3
"484",41,840,9,3,1,64,3,5,3,19419,3735,2,17,3,2,1,21,2,4,18,16,0,11
"485",40,1194,2,4,3,98,3,1,3,2001,12549,2,14,3,2,3,20,2,3,5,3,0,2
"486",28,580,27,3,2,39,1,2,1,4877,20460,0,21,4,2,1,6,5,2,5,3,0,0
"487",29,598,9,3,3,91,4,1,3,2451,22376,6,18,3,1,2,5,2,2,1,0,0,0
"488",39,711,4,3,1,81,3,2,3,5042,3140,0,13,3,4,0,10,2,1,9,2,3,8
"489",45,192,10,2,1,69,3,1,4,2654,9655,3,21,4,4,2,8,3,2,2,2,0,2
"490",51,684,6,3,1,51,3,5,3,19537,6462,7,13,3,3,0,23,5,3,20,18,15,15
"491",36,311,7,3,1,77,3,1,2,2013,10950,2,11,3,3,0,15,4,3,4,3,1,3
"492",45,1234,11,2,4,90,3,4,4,17650,5404,3,13,3,2,1,26,4,4,9,3,1,1
"493",28,950,3,3,4,93,3,3,2,7655,8039,0,17,3,2,3,10,3,2,9,7,1,7
"494",33,147,4,4,3,47,2,1,2,2622,13248,6,21,4,4,0,7,3,3,3,2,1,1
"495",45,364,25,3,2,83,3,5,2,18061,13035,3,22,4,3,0,22,4,3,0,0,0,0
"496",39,1329,4,4,4,47,2,2,3,5902,14590,4,14,3,3,1,17,1,4,15,11,5,9
"497",19,265,25,3,2,57,4,1,4,2994,21221,1,12,3,4,0,1,2,3,1,0,0,1
"498",24,477,24,3,4,49,3,1,2,3597,6409,8,22,4,4,0,6,2,3,4,3,1,2
"499",44,1097,10,4,3,96,3,1,3,2936,10826,1,11,3,3,0,6,4,3,6,4,0,2
"500",35,1258,1,4,4,40,4,1,3,2506,13301,3,13,3,3,0,7,0,3,2,2,2,2
"501",38,770,10,4,3,73,2,3,3,8740,5569,0,14,3,2,2,9,2,3,8,7,2,7
"502",46,430,1,4,4,40,3,5,4,19627,21445,9,17,3,4,2,23,0,3,2,2,2,2
"503",31,1445,1,5,3,100,4,3,2,7446,8931,1,11,3,1,0,10,2,3,10,8,4,7
"504",47,703,14,4,4,42,3,2,1,4960,11825,2,12,3,4,0,20,2,3,7,7,1,7
"505",26,1479,1,3,3,84,3,2,2,6397,26767,1,20,4,1,1,6,6,1,6,5,1,4
"506",45,252,1,3,3,70,4,5,4,19202,15970,0,11,3,3,1,25,2,3,24,0,1,7
"507",53,607,2,5,3,78,2,3,4,10169,14618,0,16,3,2,1,34,4,3,33,7,1,9
"508",39,116,24,1,1,52,3,2,4,4108,5340,7,13,3,1,0,18,2,3,7,7,1,7
"509",26,652,7,3,3,100,4,1,1,3578,23577,0,12,3,4,0,8,2,3,7,7,0,7
"510",55,111,1,2,1,70,3,3,4,10239,18092,3,14,3,4,1,24,4,3,1,0,1,0
"511",36,1174,3,4,1,99,3,2,2,9278,20763,3,16,3,4,0,15,3,3,5,4,0,1
"512",44,1488,1,5,2,75,3,2,1,5454,4009,5,21,4,3,1,9,2,2,4,3,1,3
"513",46,705,2,4,2,83,3,5,1,18947,22822,3,12,3,4,0,22,2,2,2,2,2,1
"514",29,1328,2,3,3,76,3,1,2,2703,4956,0,23,4,4,1,6,3,3,5,4,0,4
"515",41,642,1,3,4,76,3,1,4,2782,21412,3,22,4,1,1,12,3,3,5,3,1,0
"516",40,329,1,4,2,88,3,1,2,2387,6762,3,22,4,3,1,7,3,3,4,2,0,3
"517",55,1136,1,4,2,81,4,4,4,14732,12414,2,13,3,4,2,31,4,4,7,7,0,0
"518",31,311,20,3,2,89,3,2,3,4197,18624,1,11,3,1,1,10,2,3,10,8,0,2
"519",49,1098,4,2,1,85,2,5,3,18711,12124,2,13,3,3,1,23,2,4,1,0,0,0
"520",47,719,27,2,2,77,4,2,3,6397,10339,4,12,3,4,0,8,2,3,5,4,1,3
"521",25,867,19,2,3,36,2,1,2,2413,18798,1,18,3,3,3,1,2,3,1,0,0,0
"522",34,546,10,3,2,83,3,1,2,2008,6896,1,14,3,2,2,1,3,3,1,0,1,0
"523",38,345,10,2,1,100,3,2,4,5343,5982,1,11,3,3,1,10,1,3,10,7,1,9
"524",45,538,1,4,1,66,3,3,2,7441,20933,1,12,3,1,3,10,4,3,10,8,7,7
"525",45,194,9,3,2,60,3,2,2,2348,10901,8,18,3,3,1,20,2,1,17,9,0,15
"526",25,599,24,1,3,73,1,1,4,1118,8040,1,14,3,4,0,1,4,3,1,0,1,0
"527",23,885,4,3,1,58,4,1,1,2819,8544,2,16,3,1,1,5,3,4,3,2,0,2
"528",45,1385,20,2,3,79,3,4,4,13496,7501,0,14,3,2,0,21,2,3,20,7,4,10
"529",28,467,7,3,3,55,3,2,1,4898,11827,0,14,3,4,0,5,5,3,4,2,1,3
"530",34,167,8,5,2,32,3,2,1,5121,4187,3,14,3,3,1,7,3,3,0,0,0,0
"531",31,359,18,5,4,89,4,1,1,2956,21495,0,17,3,3,0,2,4,3,1,0,0,0
"532",34,810,8,2,2,92,4,2,3,6799,22128,1,21,4,3,2,10,5,3,10,8,4,8
"533",24,350,21,2,3,57,2,1,1,2296,10036,0,14,3,2,3,2,3,3,1,1,0,0
"534",51,1323,4,4,1,34,3,1,3,2461,10332,9,12,3,3,3,18,2,4,10,0,2,7
"535",27,155,4,3,2,87,4,2,2,6142,5174,1,20,4,2,1,6,0,3,6,2,0,3
"536",29,224,1,4,1,100,2,1,1,2362,7568,6,13,3,3,0,11,2,1,9,7,0,7
"537",38,130,2,2,4,32,3,3,2,7351,20619,7,16,3,3,0,10,2,3,1,0,0,0
"538",26,426,17,4,2,58,3,1,3,2741,22808,0,11,3,2,1,8,2,2,7,7,1,0
"539",31,329,1,2,4,98,2,1,1,2218,16193,1,12,3,3,1,4,3,3,4,2,3,2
"540",52,723,8,4,3,85,2,2,2,4941,17747,2,15,3,1,0,11,3,2,8,2,7,7
"541",33,118,16,3,1,69,3,2,1,5324,26507,5,15,3,3,0,6,3,3,3,2,0,2
"542",19,419,21,3,4,37,2,1,2,2121,9947,1,13,3,2,0,1,3,4,1,0,0,0
"543",28,995,9,3,3,77,3,1,3,2377,9834,5,18,3,2,1,6,2,3,2,2,2,2
"544",31,1060,1,3,4,54,3,1,2,2302,8319,1,11,3,1,0,3,2,4,3,2,2,2
"545",44,477,7,4,1,42,2,3,4,10248,2094,3,14,3,4,1,24,4,3,22,6,5,17
"546",46,945,5,2,2,80,3,2,2,5021,10425,8,22,4,4,1,16,2,3,4,2,0,2
"547",36,188,7,4,2,65,3,1,4,4678,23293,2,18,3,3,0,8,6,3,6,2,0,1
"548",36,884,23,2,3,41,4,2,4,2571,12290,4,17,3,3,1,17,3,3,5,2,0,3
"549",36,688,4,2,4,97,3,2,2,5131,9192,7,13,3,2,3,18,3,3,4,2,0,2
"550",39,1122,6,3,4,70,3,1,1,2404,4303,7,21,4,4,0,8,2,1,2,2,2,2
"551",33,501,15,2,2,95,3,2,4,4878,21653,0,13,3,1,1,10,6,3,9,7,8,1
"552",41,1206,23,2,4,80,3,3,3,7082,11591,3,16,3,4,0,21,2,3,2,0,0,2
"553",44,1199,4,2,3,92,4,5,1,19190,17477,1,14,3,4,2,26,4,2,25,9,14,13
"554",36,845,1,5,4,45,3,2,4,6653,15276,4,15,3,2,0,7,6,3,1,0,0,0
"555",34,1346,19,2,2,93,3,1,4,2661,8758,0,11,3,3,1,3,2,3,2,2,1,2
"556",36,1299,27,3,3,94,3,2,3,5237,16577,6,13,3,2,2,17,3,2,7,7,7,7
"557",45,1448,29,3,2,55,3,3,4,9380,14720,4,18,3,4,2,10,4,4,3,1,1,2
"558",31,1079,16,4,1,70,3,3,3,8161,19002,2,13,3,1,3,10,2,3,1,0,0,0
"559",22,1256,19,1,3,80,3,1,4,2323,11992,1,24,4,1,2,2,6,3,2,2,2,2
"560",24,1092,9,3,3,60,2,1,2,2694,26551,1,11,3,3,3,1,4,3,1,0,0,0
"561",51,833,1,3,3,96,3,1,4,2723,23231,1,11,3,2,0,1,0,2,1,0,0,0
"562",54,142,26,3,4,30,4,4,4,17328,13871,2,12,3,3,0,23,3,3,5,3,4,4
"563",29,153,15,2,4,49,2,2,3,4193,12682,0,12,3,4,0,10,3,3,9,5,0,8
"564",27,793,2,1,4,43,1,2,4,5071,20392,3,20,4,2,0,8,3,3,6,2,0,0
"565",33,924,2,3,3,78,3,1,4,2496,6670,4,11,3,4,0,7,3,3,1,1,0,0
"566",29,1082,9,4,4,43,3,1,3,2974,25412,9,17,3,3,1,9,2,3,5,3,1,2
"567",57,593,1,4,4,88,3,2,3,6755,2967,2,11,3,3,0,15,2,3,3,2,1,2
"568",42,1271,2,1,2,35,3,1,4,2515,9068,5,14,3,4,0,8,2,3,2,1,2,2
"569",35,219,16,2,4,44,2,2,2,4788,25388,0,11,3,4,0,4,2,3,3,2,0,2
"570",26,921,1,1,1,66,2,1,3,2007,25265,1,13,3,3,2,5,5,3,5,3,1,3
"571",45,1199,7,4,1,77,4,2,3,6434,5118,4,17,3,4,1,9,1,3,3,2,0,2
"572",47,983,2,2,1,65,3,2,4,5070,7389,5,13,3,3,3,20,2,3,5,0,0,4
"573",21,391,15,2,3,96,3,1,4,1232,19281,1,14,3,4,0,0,6,3,0,0,0,0
"574",31,754,26,4,1,63,3,2,4,5617,21075,1,11,3,3,0,10,4,3,10,7,0,8
"575",20,500,2,3,3,49,2,1,3,2044,22052,1,13,3,4,0,2,3,2,2,2,0,2
"576",38,119,3,3,1,76,3,3,3,10609,9647,0,12,3,3,2,17,6,2,16,10,5,13
"577",34,560,1,4,4,91,3,1,1,2996,20284,5,14,3,3,2,10,2,3,4,3,1,3
"578",38,1333,1,3,4,80,3,3,1,13582,16292,1,13,3,2,1,15,3,3,15,12,5,11
"579",40,575,22,2,3,68,2,2,3,6380,6110,2,12,3,1,2,8,6,3,6,4,1,0
"580",30,448,12,4,2,74,2,1,1,2033,14470,1,18,3,3,1,1,2,4,1,0,0,0
"581",37,1141,11,2,1,61,1,2,2,4777,14382,5,15,3,1,0,15,2,1,1,0,0,0
"582",41,167,12,4,2,46,3,1,4,4766,9051,3,11,3,1,1,6,4,3,1,0,0,0
"583",32,374,25,4,1,87,3,1,4,2795,18016,1,24,4,3,0,1,2,1,1,0,0,1
"584",45,1015,5,5,3,50,1,2,1,5769,23447,1,14,3,1,0,10,3,3,10,7,1,4
"585",24,1353,3,2,1,33,3,2,3,4999,17519,0,21,4,1,1,4,2,2,3,2,0,2
"586",25,949,1,3,1,81,3,1,4,3229,4910,4,11,3,2,1,7,2,2,3,2,0,2
"587",27,1377,2,3,4,74,3,2,3,4478,5242,1,11,3,1,0,5,3,3,5,4,0,4
"588",22,1294,8,1,3,79,3,1,1,2398,15999,1,17,3,3,0,1,6,3,1,0,0,0
"589",30,570,5,3,4,30,2,2,3,6118,5431,1,13,3,3,3,10,2,3,10,9,1,2
"590",27,691,9,3,4,57,3,1,2,2024,5970,6,18,3,4,1,6,1,1,2,2,2,2
"591",34,937,1,3,1,32,3,3,4,9888,6770,1,21,4,1,0,14,3,2,14,8,2,1
"592",37,921,10,3,3,98,3,1,1,3452,17663,6,20,4,2,1,17,3,3,5,4,0,3
"593",34,658,7,3,1,66,1,2,3,6074,22887,1,24,4,4,0,9,3,3,9,7,0,6
"594",46,991,1,2,4,44,3,1,1,3423,22957,6,12,3,3,0,10,3,4,7,6,5,7
"595",39,1431,1,4,3,96,3,1,3,2232,15417,7,14,3,3,3,7,1,3,3,2,1,2
"596",39,903,2,5,1,41,4,3,3,7880,2560,0,18,3,4,0,9,3,3,8,7,0,7
"597",36,566,18,4,3,81,4,1,4,3688,7122,4,18,3,4,2,4,2,3,1,0,0,0
"598",36,885,16,4,3,43,4,1,1,2743,8269,1,16,3,3,0,18,1,3,17,13,15,14
"599",37,889,9,3,2,53,3,1,4,2326,11411,1,12,3,3,3,4,3,2,4,2,1,2
"600",35,144,22,3,4,46,1,1,3,4230,19225,0,15,3,3,0,6,2,3,5,4,4,3
"601",47,1225,2,4,2,47,4,4,2,15972,21086,6,14,3,3,3,29,2,3,3,2,1,2
"602",24,1476,4,1,4,42,3,2,3,4162,15211,1,12,3,3,2,5,3,3,5,4,0,3
"603",36,1213,2,1,2,94,2,2,4,3886,4223,1,21,4,4,0,10,2,2,10,1,0,8
"604",30,153,8,2,2,73,4,3,1,11416,17802,0,12,3,3,3,9,4,2,8,7,1,7
"605",39,1251,21,4,1,32,1,2,3,5736,3987,6,19,3,3,1,10,1,3,3,2,1,2
"606",29,461,1,3,4,70,4,2,3,6294,23060,8,12,3,4,0,10,5,4,3,2,0,2
"607",37,1462,11,3,1,94,3,1,3,3629,19106,4,18,3,1,0,8,6,3,3,2,0,2
"608",40,616,2,2,3,99,3,1,1,3377,25605,4,17,3,4,1,7,5,2,4,3,0,2
"609",46,377,9,3,1,52,3,3,4,10096,15986,4,11,3,1,1,28,1,4,7,7,4,3
"610",24,693,3,2,1,65,3,2,3,4577,24785,9,14,3,1,0,4,3,3,2,2,2,0
"611",39,408,2,4,4,80,2,2,3,4553,20978,1,11,3,1,0,20,4,3,20,7,11,10
"612",31,154,7,4,2,41,2,1,3,2329,11737,3,15,3,2,0,13,2,4,7,7,5,2
"613",28,1009,1,3,1,45,2,1,2,2596,7160,1,15,3,1,2,1,2,3,1,0,0,0
"614",38,849,25,2,1,81,2,3,2,12061,26707,3,17,3,3,1,19,2,3,10,8,0,1
"615",58,350,2,3,2,52,3,4,2,16291,22577,4,22,4,4,1,37,0,2,16,9,14,14
"616",30,501,27,5,3,99,3,2,4,5304,25275,7,23,4,4,1,10,2,2,8,7,7,7
"617",21,251,10,2,1,45,2,1,3,2625,25308,1,20,4,3,0,2,2,1,2,2,2,2
"618",28,1172,3,3,2,78,3,1,2,2856,3692,1,19,3,4,1,1,3,3,1,0,0,0
"619",58,605,21,3,4,72,3,4,4,17875,11761,4,13,3,3,1,29,2,2,1,0,0,0
"620",35,1349,7,2,3,63,2,1,4,2690,7713,1,18,3,4,1,1,5,2,1,0,0,1
"621",35,1395,9,4,2,48,3,2,3,5098,18698,1,19,3,2,0,10,5,3,10,7,0,8
"622",60,422,7,3,1,41,3,5,1,19566,3854,5,11,3,4,0,33,5,1,29,8,11,10
"623",41,483,6,3,4,95,2,2,2,6032,10110,6,15,3,4,0,8,3,3,5,4,1,2
"624",34,704,28,3,4,95,2,2,3,6712,8978,1,21,4,4,2,8,2,3,8,7,1,7
"625",31,542,20,3,2,71,1,2,3,4559,24788,3,11,3,3,1,4,2,3,2,2,2,2
"626",55,1229,4,4,4,30,3,2,3,4035,16143,0,16,3,2,0,4,2,3,3,2,1,2
"627",34,1065,23,4,2,72,3,2,3,4568,10034,0,20,4,3,0,10,2,3,9,5,8,7
"628",49,470,20,4,3,96,3,2,1,6567,5549,1,14,3,3,0,16,2,2,15,11,5,11
"629",49,1418,1,3,3,36,3,1,1,3580,10554,2,16,3,2,1,7,2,3,4,2,0,2
"630",34,121,2,4,3,86,2,1,1,4381,7530,1,11,3,3,0,6,3,3,6,5,1,3
"631",31,691,5,4,3,86,3,1,4,4821,10077,0,12,3,3,1,6,4,3,5,2,0,3
"632",36,429,2,4,3,53,3,2,2,5410,2323,9,11,3,4,0,18,2,3,16,14,5,12
"633",50,1126,1,2,4,66,3,4,4,17399,6615,9,22,4,3,1,32,1,2,5,4,1,3
"634",47,1169,14,4,3,64,3,2,2,5467,2125,8,18,3,3,1,16,4,4,8,7,1,7
"635",38,371,2,3,4,45,3,1,4,3944,4306,5,11,3,3,0,6,3,3,3,2,1,2
"636",27,1277,8,5,1,87,1,1,3,4621,5869,1,19,3,4,3,3,4,3,3,2,1,2
"637",46,1319,3,3,1,45,4,4,1,13225,7739,2,12,3,4,1,25,5,3,19,17,2,8
"638",51,1169,7,4,2,34,2,2,3,6132,13983,2,17,3,3,0,10,2,3,1,0,0,0
"639",41,427,10,4,2,73,2,5,4,19141,8861,3,15,3,2,3,23,2,2,21,6,12,6
"640",56,1400,7,3,4,49,1,3,4,7260,21698,4,11,3,1,0,37,3,2,6,4,0,2
"641",27,1410,3,1,4,71,4,2,4,4647,16673,1,20,4,2,2,6,3,3,6,5,0,4
"642",52,266,2,1,1,57,1,5,4,19845,25846,1,15,3,4,1,33,3,3,32,14,6,9
"643",36,506,3,3,3,30,3,2,2,4485,26285,4,12,3,4,0,10,2,3,8,0,7,7
"644",40,1300,24,2,1,62,3,2,4,3319,24447,1,17,3,1,2,9,3,3,9,8,4,7
"645",29,590,4,3,4,91,2,1,1,2109,10007,1,13,3,3,1,1,2,3,1,0,0,0
"646",31,691,7,3,4,73,3,2,4,7547,7143,4,12,3,4,3,13,3,3,7,7,1,7
"647",18,544,3,2,2,70,3,1,4,1569,18420,1,12,3,3,0,0,2,4,0,0,0,0
"648",36,660,15,3,1,81,3,2,3,4834,7858,7,14,3,2,1,9,3,2,1,0,0,0
"649",36,922,3,2,1,39,3,1,4,2835,2561,5,22,4,1,1,7,2,3,1,0,0,0
"650",40,1492,20,4,1,61,3,3,4,10322,26542,4,20,4,4,1,14,6,3,11,10,11,1
"651",34,829,3,2,3,88,3,1,4,3737,2243,0,19,3,3,1,4,1,1,3,2,0,2
"652",44,528,1,3,3,44,3,1,4,3195,4167,4,18,3,1,3,8,2,3,2,2,2,2
"653",27,1291,11,3,3,98,4,1,4,2534,6527,8,14,3,2,1,5,4,3,1,0,0,0
"654",21,984,1,1,4,70,2,1,2,2070,25326,1,11,3,3,0,2,6,4,2,2,2,2
"655",34,426,10,4,3,42,4,2,4,4724,17000,1,13,3,1,1,9,3,3,9,7,7,2
"656",28,1496,1,3,1,92,3,1,3,2909,15747,3,15,3,4,1,5,3,4,3,2,1,2
"657",47,571,14,3,3,78,3,2,3,4591,24200,3,17,3,3,1,11,4,2,5,4,1,2
"658",42,319,24,3,4,56,3,3,1,7406,6950,1,21,4,4,1,10,5,2,10,9,5,8
"659",47,1379,16,4,3,64,4,2,3,5067,6759,1,19,3,3,0,20,3,4,19,10,2,7
"660",34,1111,8,2,3,93,3,2,1,6500,13305,5,17,3,2,1,6,1,3,3,2,1,2
"661",32,1316,2,2,4,38,3,2,3,4998,2338,4,14,3,4,0,10,2,3,8,7,0,7
"662",41,802,9,1,3,96,3,3,3,8189,21196,3,13,3,3,1,12,2,3,9,7,0,7
"663",20,1362,10,1,4,32,3,1,3,1009,26999,1,11,3,4,0,1,5,3,1,0,1,1
"664",33,430,7,3,4,54,3,2,1,4373,17456,0,14,3,1,2,5,2,3,4,3,0,3
"665",27,486,8,3,2,86,4,1,3,3517,22490,7,17,3,1,0,5,0,3,3,2,0,2
"666",38,268,2,5,4,92,3,1,3,3057,20471,6,13,3,2,1,6,0,1,1,0,0,1
"667",25,977,2,1,4,57,3,1,3,3977,7298,6,19,3,3,1,7,2,2,2,2,0,2
"668",45,1329,2,2,4,59,2,2,4,5770,5388,1,19,3,1,2,10,3,3,10,7,3,9
"669",44,920,24,3,4,43,3,1,3,3161,19920,3,22,4,4,1,19,0,1,1,0,0,0
"670",45,788,24,4,2,36,3,1,2,2177,8318,1,16,3,1,0,6,3,3,6,3,0,4
"671",40,1094,28,3,3,58,1,3,1,10932,11373,3,15,3,3,1,20,2,3,1,0,0,1
"672",45,950,28,3,4,97,3,1,4,2132,4585,4,20,4,4,1,8,3,3,5,4,0,3
"673",33,350,5,3,4,34,3,1,3,2851,9150,1,13,3,2,0,1,2,3,1,0,0,0
"674",45,561,2,3,4,61,3,2,2,4805,16177,0,19,3,2,1,9,3,4,8,7,3,7
"675",52,715,19,4,4,41,3,1,4,4258,26589,0,18,3,1,1,5,3,3,4,3,1,2
"676",57,210,29,3,1,56,2,4,4,14118,22102,3,12,3,3,1,32,3,2,1,0,0,0
"677",51,313,3,3,4,98,3,4,2,13734,7192,3,18,3,3,0,21,6,3,7,7,1,0
"678",39,1132,1,3,3,48,4,3,4,9613,10942,0,17,3,1,3,19,5,2,18,10,3,7
"679",36,1302,6,4,1,80,4,2,1,5562,19711,3,13,3,4,1,9,3,3,3,2,0,2
"680",44,935,3,3,1,89,3,1,1,2362,14669,4,12,3,3,0,10,4,4,3,2,1,2
"681",40,630,4,4,3,67,2,3,4,10855,8552,7,11,3,1,1,15,2,2,12,11,2,11
"682",33,267,21,3,2,79,4,1,2,2028,13637,1,18,3,4,3,14,6,3,14,11,2,13
"683",37,1017,1,2,3,83,2,1,1,3920,18697,2,14,3,1,1,17,2,2,3,1,0,2
"684",38,723,2,4,2,77,1,2,4,5405,4244,2,20,4,1,2,20,4,2,4,2,0,3
"685",27,954,9,3,4,44,3,2,4,4105,5099,1,14,3,1,0,7,5,3,7,7,0,7
"686",36,557,3,3,1,94,2,3,4,7644,12695,0,19,3,3,2,10,2,3,9,7,3,4
"687",47,1180,25,3,1,84,3,3,3,8633,13084,2,23,4,2,0,25,3,3,17,14,12,11
"688",21,337,7,1,2,31,3,1,2,2679,4567,1,13,3,2,0,1,3,3,1,0,1,0
"689",45,374,20,3,4,50,3,2,3,4850,23333,8,15,3,3,0,8,3,3,5,3,0,1
"690",33,515,1,2,1,98,3,3,4,13458,15146,1,12,3,3,0,15,1,3,15,14,8,12
"691",59,142,3,3,3,70,2,1,4,2177,8456,3,17,3,1,1,7,6,3,1,0,0,0
"692",55,725,2,3,4,78,3,5,1,19859,21199,5,13,3,4,1,24,2,3,5,2,1,4
"693",50,809,12,3,3,77,3,3,4,9208,6645,4,11,3,4,0,16,3,3,2,2,2,1
"694",28,1144,10,1,4,74,3,1,2,1052,23384,1,22,4,2,0,1,5,3,1,0,0,0
"695",34,697,3,4,3,40,2,1,4,2979,22478,3,17,3,4,3,6,2,3,0,0,0,0
"696",49,636,10,4,3,35,3,5,1,18665,25594,9,11,3,4,0,22,4,3,3,2,1,2
"697",54,157,10,3,3,77,3,2,1,4440,25198,6,19,3,4,0,9,3,3,5,2,1,4
"698",28,1423,1,3,1,72,2,1,3,1563,12530,1,14,3,4,1,1,2,1,1,0,0,0
"699",48,1108,15,4,3,65,3,1,1,2367,16530,8,12,3,4,1,10,3,2,8,2,7,6
"700",19,504,10,3,1,96,2,1,2,1859,6148,1,25,4,2,0,1,2,4,1,1,0,0
"701",42,335,23,2,4,37,2,2,3,4332,14811,1,12,3,4,0,20,2,3,20,9,3,7
"702",32,334,5,2,1,80,4,1,2,3298,15053,0,12,3,4,2,7,5,2,6,2,0,5
"703",35,104,2,3,1,69,3,1,1,2074,26619,1,12,3,4,1,1,2,3,1,0,0,0
"704",35,1232,16,3,3,96,3,3,2,8020,5100,0,15,3,3,2,12,3,2,11,9,6,9
"705",41,548,9,4,3,94,3,1,1,2289,20520,1,20,4,2,2,5,2,3,5,3,0,4
"706",39,766,20,3,3,83,3,2,4,4127,19188,2,18,3,4,1,7,6,3,2,1,2,2
"707",30,600,8,3,3,66,2,1,4,2180,9732,6,11,3,3,1,6,0,2,4,2,1,2
"708",43,343,9,3,1,52,3,1,3,2438,24978,4,13,3,3,0,7,2,2,3,2,1,2
"709",29,718,8,1,2,79,2,2,4,5056,17689,1,15,3,3,1,10,2,2,10,7,1,2
"710",56,310,7,2,4,72,3,1,3,2339,3666,8,11,3,4,1,14,4,1,10,9,9,8
"711",59,1429,18,4,4,67,3,3,4,10512,20002,6,12,3,4,0,25,6,2,9,7,5,4
"712",36,1266,10,4,2,63,2,2,3,5673,6060,1,13,3,1,1,10,4,3,10,9,1,7
"713",50,333,22,5,3,88,1,4,4,14411,24450,1,13,3,4,0,32,2,3,32,6,13,9
"714",48,1469,20,4,4,51,3,1,3,2259,5543,4,17,3,1,2,13,2,2,0,0,0,0
"715",45,1268,4,2,3,30,3,2,1,5006,6319,4,11,3,1,1,9,3,4,5,4,0,3
"716",29,428,9,3,2,52,1,1,2,2760,14630,1,13,3,3,0,2,3,3,2,2,2,2
"717",46,1402,2,3,3,69,3,4,1,17048,24097,8,23,4,1,0,28,2,3,26,15,15,9
"718",28,193,2,3,4,52,2,1,4,3867,14222,1,12,3,2,1,2,2,3,2,2,2,2
"719",33,211,16,3,1,74,3,3,1,8564,10092,2,20,4,3,0,11,2,2,0,0,0,0
"720",40,884,15,3,1,80,2,3,3,10435,25800,1,13,3,4,2,18,2,3,18,15,14,12
"721",42,1210,2,3,3,68,2,1,2,4841,24052,4,14,3,2,1,4,3,3,1,0,0,0
"722",45,306,26,4,1,100,3,2,1,4286,5630,2,14,3,4,2,5,4,3,1,1,0,0
"723",36,329,2,3,4,96,3,1,3,2543,11868,4,13,3,2,1,6,3,3,2,2,2,2
"724",36,469,3,3,3,46,3,1,2,3692,9256,1,12,3,3,0,12,2,2,11,10,0,7
"725",39,867,9,2,1,87,3,2,1,5151,12315,1,25,4,4,1,10,3,3,10,0,7,9
"726",58,289,2,3,4,51,3,1,3,2479,26227,4,24,4,1,0,7,4,3,1,0,0,0
"727",38,653,29,5,4,50,3,2,4,2406,5456,1,11,3,4,0,10,2,3,10,3,9,9
"728",34,182,1,4,2,72,4,1,4,3280,13551,2,16,3,3,0,10,2,3,4,2,1,3
"729",33,1303,7,2,4,36,3,2,3,5968,18079,1,20,4,3,3,9,2,3,9,7,2,8
"730",34,1326,3,3,4,81,1,2,1,4759,15891,3,18,3,4,0,15,2,3,13,9,3,12
"731",35,763,15,2,1,59,1,2,4,5440,22098,6,14,3,4,2,7,2,2,2,2,2,2
"732",39,141,3,3,3,44,4,2,2,6389,18767,9,15,3,3,1,12,3,1,8,3,3,6
"733",28,1475,13,2,4,84,3,2,3,9854,23352,3,11,3,4,0,6,0,3,2,0,2,2
"734",19,602,1,1,3,100,1,1,1,2325,20989,0,21,4,1,0,1,5,4,0,0,0,0
"735",41,143,4,3,1,56,3,2,2,9355,9558,1,18,3,3,0,8,5,3,8,7,7,7
"736",51,1405,11,2,4,82,2,4,2,13142,24439,3,16,3,2,0,29,1,2,5,2,0,3
"737",35,737,10,3,4,55,2,3,1,10306,21530,9,17,3,3,0,15,3,3,13,12,6,0
"738",32,1089,7,2,4,79,3,2,3,4883,22845,1,18,3,1,1,10,3,3,10,4,1,1
"739",36,216,6,2,2,84,3,2,2,4941,2819,6,20,4,4,2,7,0,3,3,2,0,1
"740",39,439,9,3,3,70,3,2,2,6782,8770,9,15,3,3,0,9,2,2,5,4,0,3
"741",38,1245,14,3,3,80,3,2,2,9924,12355,0,11,3,4,1,10,3,3,9,8,7,7
"742",47,1093,9,3,3,82,1,4,3,12936,24164,7,11,3,3,0,25,3,1,23,5,14,10
"743",43,1001,9,5,4,72,3,2,3,5679,19627,3,13,3,2,1,10,3,3,8,7,4,7
"744",33,1017,25,3,1,55,2,1,2,2313,2993,4,20,4,2,0,5,0,3,2,2,2,2
"745",35,819,2,3,3,44,2,3,2,10274,19588,2,18,3,2,1,15,2,4,7,7,6,4
"746",29,726,29,1,4,93,1,2,3,6384,21143,8,17,3,4,2,11,3,3,7,0,1,6
"747",25,266,1,3,4,40,3,1,2,2096,18830,1,18,3,4,0,2,3,2,2,2,2,1
"748",30,330,1,3,3,46,3,1,3,2064,15428,0,21,4,1,1,6,3,4,5,3,1,3
"749",37,1305,10,4,3,49,3,2,2,4197,21123,2,12,3,4,0,18,2,2,1,0,0,1
"750",42,1396,6,3,3,83,3,3,1,13348,14842,9,13,3,2,1,18,3,4,13,7,5,7
"751",45,1050,9,4,2,65,2,2,3,5593,17970,1,13,3,4,1,15,2,3,15,10,4,12
"752",39,1218,1,1,2,52,3,5,3,19197,8213,1,14,3,3,1,21,3,3,21,8,1,6
"753",34,699,6,1,2,83,3,1,1,2960,17102,2,11,3,3,0,8,2,3,4,2,1,3
"754",32,1062,2,3,3,75,3,1,2,2370,3956,1,13,3,3,1,8,4,3,8,0,0,7
"755",56,718,4,4,4,92,3,5,1,19943,18575,4,13,3,4,1,28,2,3,5,2,4,2
"756",26,1357,25,3,1,48,1,1,3,2293,10558,1,12,3,3,0,1,2,2,1,0,0,1
"757",40,458,16,2,3,74,3,1,3,3544,8532,9,16,3,2,1,6,0,3,4,2,0,0
"758",28,1083,29,1,3,96,1,2,2,6549,3173,1,14,3,2,2,8,2,2,8,6,1,7
"759",40,299,25,4,4,57,2,3,2,9094,17235,2,12,3,3,0,9,2,3,5,4,1,0
"760",31,196,29,4,1,91,2,2,4,5468,13402,1,14,3,1,2,13,3,3,12,7,5,7
"761",41,1276,2,5,2,91,3,4,1,16595,5626,7,16,3,2,1,22,2,3,18,16,11,8
"762",43,1473,8,4,3,74,3,2,3,4522,2227,4,14,3,4,0,8,3,3,5,2,0,2
"763",36,363,1,3,3,77,1,3,1,10252,4235,2,21,4,3,1,17,2,3,7,7,7,7
"764",36,427,8,3,1,63,4,3,1,11713,20335,9,14,3,1,1,10,2,3,8,7,0,5
"765",50,1421,2,3,4,30,3,4,1,17856,9490,2,22,4,3,1,32,3,3,2,2,2,2
"766",45,974,1,4,4,91,3,1,4,2270,11005,3,14,3,4,2,8,2,3,5,3,0,2
"767",53,970,7,3,3,59,4,4,3,14814,13514,3,19,3,3,0,32,3,3,5,1,1,3
"768",39,466,1,1,4,65,2,4,4,12742,7060,1,16,3,3,1,21,3,3,21,6,11,8
"769",31,688,7,3,3,44,2,3,4,11557,25291,9,21,4,3,1,10,3,2,5,4,0,1
"770",33,1392,3,4,4,56,3,1,3,2909,23159,1,11,3,3,0,8,3,3,8,7,3,0
"771",33,931,14,3,4,72,3,1,2,2756,4673,1,13,3,4,1,8,5,3,8,7,1,6
"772",25,309,2,3,3,82,3,1,2,2187,19655,4,14,3,3,0,6,3,3,2,0,1,2
"773",30,138,22,3,1,48,3,1,3,2132,11539,4,11,3,2,0,7,2,3,5,2,0,1
"774",46,734,2,4,3,46,3,5,4,19328,14218,7,17,3,3,1,24,3,3,2,1,2,2
"775",42,926,21,2,3,36,3,2,3,5265,16439,2,16,3,2,1,11,5,3,5,3,0,2
"776",27,205,10,3,4,98,2,2,4,5769,7100,1,11,3,4,0,6,3,3,6,2,4,4
"777",26,1167,5,3,4,30,2,1,3,2966,21378,0,18,3,4,0,5,2,3,4,2,0,0
"778",35,853,18,5,2,71,3,3,1,9069,11031,1,22,4,4,1,9,3,2,9,8,1,8
"779",35,1204,4,3,4,86,3,3,1,9582,10333,0,22,4,1,0,9,2,3,8,7,4,7
"780",36,132,6,3,2,55,4,1,4,3038,22002,3,12,3,2,0,5,3,3,1,0,0,0
"781",47,955,4,2,4,83,3,2,4,4163,8571,1,17,3,3,0,9,0,3,9,0,0,7
"782",34,404,2,4,3,98,3,2,4,6687,6163,1,11,3,4,0,14,2,4,14,11,4,11
"783",42,532,29,2,1,92,3,2,3,4556,12932,2,11,3,2,1,19,3,3,5,4,0,2
"784",34,878,10,4,4,43,3,1,3,3815,5972,1,17,3,4,1,5,4,4,5,3,2,0
"785",56,832,9,3,3,81,3,4,4,11103,20420,7,11,3,3,0,30,1,2,10,7,1,1
"786",40,791,2,2,3,38,4,2,2,4244,9931,1,24,4,4,1,8,2,3,8,7,3,7
"787",28,866,5,3,4,84,3,2,1,8463,23490,0,18,3,4,0,6,4,3,5,4,1,3
"788",45,556,25,2,2,93,2,2,4,5906,23888,0,13,3,4,2,10,2,2,9,8,3,8
"789",54,584,22,5,2,91,3,4,3,17426,18685,3,25,4,3,1,36,6,3,10,8,4,7
"790",26,950,4,4,4,48,2,2,4,5828,8450,1,12,3,2,0,8,0,3,8,7,7,4
"791",32,430,24,4,1,80,3,2,4,5309,21146,1,15,3,4,2,10,2,3,10,8,4,7
"792",41,465,14,3,1,56,3,1,3,2451,4609,4,12,3,1,1,13,2,3,9,8,1,8
"793",32,689,9,2,4,35,1,2,4,4668,22812,0,17,3,4,3,9,2,4,8,7,0,7
"794",22,594,2,1,3,100,3,1,4,2523,19299,0,14,3,3,1,3,2,3,2,1,2,1
"795",32,964,1,2,1,34,1,2,2,6735,12147,6,15,3,2,0,10,2,3,0,0,0,0
"796",52,319,3,3,4,39,2,3,3,7969,19609,2,14,3,3,0,28,4,3,5,4,0,4
"797",29,738,9,5,2,30,2,1,4,3983,7621,0,17,3,3,0,4,2,3,3,2,2,2
"798",32,1401,4,2,3,56,3,1,2,3931,20990,2,11,3,1,1,6,5,3,4,3,1,2
"799",18,1306,5,3,2,69,3,1,2,1878,8059,1,14,3,4,0,0,3,3,0,0,0,0
"800",37,124,3,3,4,35,3,2,2,4107,13848,3,15,3,1,0,8,3,2,4,3,0,1
"801",49,809,1,3,3,36,3,4,3,15379,22384,4,14,3,1,0,23,2,3,8,7,0,0
"802",58,1145,9,3,2,75,2,1,2,3346,11873,4,20,4,2,1,9,3,2,1,0,0,0
"803",46,644,1,4,4,97,3,3,1,9396,12368,7,16,3,3,1,17,3,3,4,2,0,3
"804",33,586,1,3,1,48,4,2,1,4037,21816,1,22,4,1,1,9,5,3,9,8,0,8
"805",24,240,22,1,4,58,1,1,3,1555,11585,1,11,3,3,1,1,2,3,1,0,0,0
"806",36,1396,5,2,4,62,3,2,2,5914,9945,8,16,3,4,0,16,3,4,13,11,3,7
"807",39,613,6,1,4,42,2,3,1,9991,21457,4,15,3,1,1,9,5,3,7,7,1,7
"808",39,1462,6,3,4,38,4,3,3,8237,4658,2,11,3,1,1,11,3,3,7,6,7,6
"809",33,813,14,3,3,58,3,1,4,2436,22149,5,13,3,3,1,8,2,1,5,4,0,4
"810",40,905,19,2,3,99,3,2,4,2741,16523,8,15,3,3,1,15,2,4,7,2,3,7
"811",51,942,3,3,1,53,3,3,3,13116,22984,2,11,3,4,0,15,2,3,2,2,2,2
"812",32,1146,15,4,3,34,3,2,4,6667,16542,5,18,3,2,1,9,6,3,5,1,1,2
"813",24,581,9,3,3,62,4,1,3,4401,17616,1,16,3,4,1,5,1,3,5,3,0,4
"814",32,379,5,2,2,48,3,2,2,6524,8891,1,14,3,4,1,10,3,3,10,8,5,3
"815",53,1223,7,2,4,50,3,5,3,18606,18640,3,18,3,2,1,26,6,3,7,7,4,7
"816",23,650,9,1,2,37,3,1,1,2500,4344,1,14,3,4,1,5,2,4,4,3,0,2
"817",29,232,19,3,4,34,3,2,4,4262,22645,4,12,3,2,2,8,2,4,3,2,1,2
"818",38,827,1,4,2,33,4,2,4,7625,19383,0,13,3,3,0,10,4,2,9,7,1,8
"819",35,1402,28,4,2,98,2,1,3,2430,26204,0,23,4,1,2,6,5,3,5,3,4,2
"820",38,888,10,4,3,71,3,2,3,6077,14814,3,11,3,3,0,10,2,3,6,3,1,2
"821",48,1355,4,4,3,78,2,3,3,10999,22245,7,14,3,2,0,27,3,3,15,11,4,8
"822",49,1490,7,4,3,35,3,3,2,10466,20948,3,14,3,2,2,29,3,3,8,7,0,7
"823",27,199,6,3,4,55,2,1,3,2539,7950,1,13,3,3,1,4,0,3,4,2,2,2
"824",31,1274,9,1,3,33,3,3,2,10648,14394,1,25,4,4,1,13,6,4,13,8,0,8
"825",23,160,4,1,3,51,3,1,2,3295,12862,1,13,3,3,0,3,3,1,3,2,1,2
"826",43,394,26,2,3,92,3,4,4,16959,19494,1,12,3,4,2,25,3,4,25,12,4,12
"827",50,1046,10,3,4,100,2,3,4,10496,2755,6,15,3,4,0,20,2,3,4,3,1,3
"828",27,472,1,1,3,60,2,2,1,4298,9679,5,19,3,3,1,6,1,3,2,2,2,0
"829",39,945,22,3,4,82,3,3,1,10880,5083,1,13,3,3,0,21,2,3,21,6,2,8
"830",33,589,28,4,2,79,3,2,3,5207,22949,1,12,3,2,1,15,3,3,15,14,5,7
"831",24,897,10,3,1,59,3,1,4,2145,2097,0,14,3,4,1,3,2,3,2,2,2,1
"832",37,783,7,4,4,78,3,2,1,4284,13588,5,22,4,3,1,16,2,3,5,3,0,4
"833",48,163,2,5,2,37,3,2,4,4051,19658,2,14,3,1,1,14,2,3,9,7,6,7
"834",26,157,1,3,3,95,3,1,1,2867,20006,0,13,3,4,0,8,6,2,7,7,7,6
"835",34,1354,5,3,3,45,2,3,1,11631,5615,2,12,3,4,0,14,6,3,11,10,5,8
"836",32,116,13,3,3,77,2,1,2,2743,7331,1,20,4,3,1,2,2,3,2,2,2,2
"837",28,791,1,4,4,44,3,1,3,2154,6842,0,11,3,3,0,5,2,2,4,2,0,2
"838",29,490,10,3,4,61,3,1,2,3291,17940,0,14,3,4,2,8,2,2,7,5,1,1
"839",53,868,8,3,1,73,3,4,4,11836,22789,5,14,3,3,1,28,3,3,2,0,2,2
"840",37,1252,19,2,1,32,3,3,2,7642,4814,1,13,3,4,0,10,2,3,10,0,0,9
"841",45,1249,7,3,1,97,3,3,1,5210,20308,1,18,3,1,1,24,2,3,24,9,9,11
"842",37,1372,1,3,4,42,3,1,4,2115,15881,1,12,3,2,0,17,3,3,17,12,5,7
"843",22,604,6,1,1,69,3,1,3,2773,12145,0,20,4,4,0,3,3,3,2,2,2,2
"844",41,906,5,2,1,95,2,1,1,2107,20293,6,17,3,1,1,5,2,1,1,0,0,0
"845",40,530,1,4,3,78,2,4,2,13503,14115,1,22,4,4,1,22,3,2,22,3,11,11
"846",30,1240,9,3,3,48,3,2,4,6347,13982,0,19,3,4,0,12,2,1,11,9,4,7
"847",39,1485,25,2,3,71,3,3,3,10920,3449,3,21,4,2,1,13,2,3,6,4,0,5
"848",35,200,18,2,3,60,3,3,4,9362,19944,2,11,3,3,0,10,2,3,2,2,2,2
"849",21,501,5,1,3,58,3,1,1,2380,25479,1,11,3,4,0,2,6,3,2,2,1,2
"850",40,523,2,3,3,98,3,2,4,4661,22455,1,13,3,3,0,9,4,3,9,8,8,8
"851",40,1416,2,2,1,49,3,5,3,19436,5949,0,19,3,4,1,22,5,3,21,7,3,9
"852",41,263,6,3,4,59,3,1,1,4721,3119,2,13,3,3,0,20,3,3,18,13,2,17
"853",42,603,7,4,2,78,4,2,2,2372,5628,6,16,3,4,0,18,2,3,1,0,0,0
"854",36,1434,8,4,1,76,2,3,1,7587,14229,1,15,3,2,0,10,1,3,10,7,0,9
"855",30,111,9,3,3,66,3,2,1,3072,11012,1,11,3,3,2,12,4,3,12,9,6,10
"856",22,1368,4,1,3,99,2,1,3,3894,9129,5,16,3,3,0,4,3,3,2,2,1,2
"857",40,448,16,3,3,84,3,3,4,7945,19948,6,15,3,4,0,18,2,2,4,2,3,3
"858",35,287,1,4,3,62,1,1,4,2977,8952,1,12,3,4,1,4,5,3,4,3,1,1
"859",48,365,4,5,3,89,2,4,4,15202,5602,2,25,4,2,1,23,3,3,2,2,2,2
"860",33,461,13,1,2,53,3,1,4,3452,17241,3,18,3,1,0,5,4,3,3,2,0,2
"861",25,772,2,1,4,77,4,2,3,5206,4973,1,17,3,3,2,7,6,3,7,7,0,7
"862",31,746,8,4,3,61,3,2,4,4424,20682,1,23,4,4,0,11,2,3,11,7,1,8
"863",34,678,19,3,2,35,2,1,4,2929,20338,1,12,3,2,0,10,3,3,10,9,8,7
"864",49,279,8,1,3,61,2,2,2,5130,24907,1,23,4,4,1,10,3,3,10,7,1,7
"865",49,301,22,4,1,72,3,4,2,16413,3498,3,16,3,2,2,27,2,3,4,2,1,2
"866",38,1180,29,1,2,70,3,2,1,6673,11354,7,19,3,2,0,17,2,3,1,0,0,0
"867",18,812,10,3,4,69,2,1,3,1200,9724,1,12,3,1,0,0,2,3,0,0,0,0
"868",32,120,6,5,3,43,3,1,3,3038,12430,3,20,4,1,0,8,2,3,5,4,1,4
"869",34,829,15,3,2,71,3,4,1,17007,11929,7,14,3,4,2,16,3,2,14,8,6,9
"870",46,638,1,3,3,40,2,3,1,10673,3142,2,13,3,3,1,21,5,2,10,9,9,5
"871",44,1112,1,4,1,50,2,2,3,5985,26894,4,11,3,2,0,10,1,4,2,2,0,2
"872",26,575,1,2,1,71,1,1,4,4364,5288,3,14,3,1,1,5,2,3,2,2,2,0
"873",35,146,2,4,1,79,2,1,4,4930,13970,0,14,3,3,0,6,2,4,5,4,1,4
"874",31,249,6,4,2,76,1,2,3,6172,20739,4,18,3,2,0,12,3,2,7,7,7,7
"875",38,322,7,2,1,44,4,2,1,5605,19191,1,24,4,3,1,8,3,3,8,0,7,7
"876",29,1283,23,3,4,54,3,1,4,2201,18168,9,16,3,4,0,6,4,3,3,2,1,2
"877",49,1064,2,1,2,42,3,5,4,19161,13738,3,15,3,4,0,28,3,3,5,4,4,3
"878",44,381,24,3,1,49,1,1,3,3708,2104,2,14,3,3,0,9,5,3,5,2,1,4
"879",46,566,7,2,4,75,3,3,3,10845,24208,6,13,3,2,1,13,3,3,8,7,0,7
"880",34,735,22,4,3,86,2,2,4,5747,26496,1,15,3,2,0,16,3,3,15,10,6,11
"881",40,759,2,2,4,46,3,2,2,5715,22553,7,12,3,3,2,8,5,3,5,4,1,3
"882",45,1449,2,3,1,94,1,5,2,18824,2493,2,16,3,1,0,26,2,3,24,10,1,11
"883",26,496,11,2,1,60,3,2,1,4741,22722,1,13,3,3,1,5,3,3,5,3,3,3
"884",26,1146,8,3,4,38,2,2,1,5326,3064,6,17,3,3,0,6,2,2,4,3,1,2
"885",39,505,2,4,3,64,3,3,3,10938,6420,0,25,4,4,0,20,1,3,19,6,11,8
"886",29,992,1,3,3,85,3,1,3,2058,19757,0,14,3,4,0,7,1,2,6,2,1,5
"887",22,581,1,2,4,63,3,1,3,3375,17624,0,12,3,4,0,4,2,4,3,2,1,2
"888",33,827,29,4,1,54,2,2,3,4508,3129,1,22,4,2,0,14,4,3,13,7,3,8
"889",31,1276,2,1,4,59,1,1,4,1129,17536,1,11,3,3,3,1,4,3,1,0,0,0
"890",27,798,6,4,1,66,2,1,3,2187,5013,0,12,3,3,2,6,5,2,5,3,0,3
"891",59,1420,2,4,3,32,2,5,4,18844,21922,9,21,4,4,1,30,3,3,3,2,2,2
"892",20,1097,11,3,4,98,2,1,1,2600,18275,1,15,3,1,0,1,2,3,1,0,0,0
"893",39,360,23,3,3,93,3,1,1,3904,22154,0,13,3,1,0,6,2,3,5,2,0,3
"894",40,1342,9,2,1,47,3,2,1,5473,19345,0,12,3,4,0,9,5,4,8,4,7,1
"895",36,635,18,1,2,73,3,1,4,2153,7703,1,13,3,1,0,8,2,3,8,1,1,7
"896",40,658,10,4,1,67,2,3,2,9705,20652,2,12,3,2,1,11,2,2,1,0,0,0
"897",30,921,1,3,4,38,1,1,3,3833,24375,3,21,4,3,2,7,2,3,2,2,0,2
"898",28,1158,9,3,4,94,3,1,4,2070,2613,1,23,4,4,1,5,3,2,5,2,0,4
"899",44,661,9,2,2,61,3,1,1,2559,7508,1,13,3,4,0,8,0,3,8,7,7,1
"900",42,622,2,4,3,81,3,2,4,4089,5718,1,13,3,2,2,10,4,3,10,2,2,2
"901",34,970,8,2,2,96,3,2,3,6142,7360,3,11,3,4,0,10,2,3,5,1,4,3
"902",40,750,12,3,2,47,3,2,1,4448,10748,2,12,3,2,1,15,3,3,7,4,7,7
"903",48,277,6,3,1,97,2,2,3,4240,13119,2,13,3,4,0,19,0,3,2,2,2,2
"904",49,527,8,2,1,51,3,3,2,7403,22477,4,11,3,3,1,29,3,2,26,9,1,7
"905",34,1107,9,4,1,52,3,1,3,2742,3072,1,15,3,4,0,2,0,3,2,2,2,2
"906",44,429,1,2,3,99,3,1,2,2342,11092,1,12,3,3,3,6,2,2,5,3,2,3
"907",40,1308,14,3,3,44,2,5,3,19626,17544,1,14,3,1,0,21,2,4,20,7,4,9
"908",29,574,20,1,4,40,3,1,4,3812,7003,1,13,3,2,0,11,3,4,11,8,3,10
"909",36,796,12,5,4,51,2,3,4,8858,15669,0,11,3,2,0,15,2,2,14,8,7,8
"910",40,555,2,3,2,78,2,2,3,3448,13436,6,22,4,2,1,20,3,3,1,0,0,0
"911",53,1084,13,2,4,57,4,2,1,4450,26250,1,11,3,3,2,5,3,3,4,2,1,3
"912",24,506,29,1,2,91,3,1,1,3907,3622,1,13,3,2,3,6,2,4,6,2,1,2
"913",40,989,4,1,4,46,3,5,3,19033,6499,1,14,3,2,1,21,2,3,20,8,9,9
"914",29,1086,7,1,1,62,2,1,4,2532,6054,6,14,3,3,3,8,5,3,4,3,0,3
"915",48,969,2,2,4,76,4,1,2,2559,16620,5,11,3,3,0,7,4,2,1,0,0,0
"916",54,376,19,4,4,95,3,2,1,5485,22670,9,11,3,2,2,9,4,3,5,3,1,4
"917",31,616,12,3,4,41,3,2,4,5855,17369,0,11,3,3,2,10,2,1,9,7,8,5
"918",38,330,17,1,3,65,2,3,3,8823,24608,0,18,3,1,1,20,4,2,19,9,1,9
"919",27,1220,5,3,3,85,3,1,2,2478,20938,1,12,3,2,0,4,2,2,4,3,1,2
"920",25,685,1,3,1,62,3,2,3,4898,7505,0,12,3,4,2,5,3,3,4,2,1,2
"921",35,1142,23,4,3,30,3,1,1,4014,16002,3,15,3,3,1,4,3,3,2,2,2,2
"922",24,1287,7,3,1,55,3,1,3,2886,14168,1,16,3,4,1,6,4,3,6,3,1,2
"923",36,928,1,2,2,56,3,2,4,6201,2823,1,14,3,4,1,18,1,2,18,14,4,11
"924",31,655,7,4,4,48,3,2,4,5915,9528,3,22,4,4,1,10,3,2,7,7,1,7
"925",34,216,1,4,2,75,4,2,4,9725,12278,0,11,3,4,1,16,2,2,15,1,0,9
"926",19,528,22,1,4,50,3,1,3,1675,26820,1,19,3,4,0,0,2,2,0,0,0,0
"927",52,994,7,4,2,87,3,3,2,10445,15322,7,19,3,4,0,18,4,3,8,6,4,0
"928",50,959,1,4,4,81,3,2,3,4728,17251,3,14,3,4,0,5,4,3,0,0,0,0
"929",34,135,19,3,3,46,3,2,2,4444,22534,4,13,3,3,2,15,2,4,11,8,5,10
"930",40,898,6,2,3,38,3,4,4,16437,17381,1,21,4,4,0,21,2,3,21,7,7,7
"931",40,611,7,4,2,88,3,5,2,19833,4349,1,14,3,2,0,21,3,2,21,8,12,8
"932",38,1391,10,1,3,66,3,1,3,2684,12127,0,17,3,2,1,3,0,2,2,1,0,2
"933",55,147,20,2,2,37,3,2,4,5415,15972,3,19,3,4,1,12,4,3,10,7,0,8
"934",44,1037,1,3,2,42,3,1,4,2436,13422,6,12,3,3,0,6,2,3,4,3,1,2
"935",32,1200,1,4,4,62,3,2,1,4087,25174,4,14,3,2,1,9,3,2,6,5,1,2
"936",36,1383,10,3,4,90,3,3,1,8321,25949,7,13,3,4,1,15,1,3,12,8,5,7
"937",21,996,3,2,4,100,2,1,3,3230,10531,1,17,3,1,0,3,4,4,3,2,1,0
"938",55,478,2,3,3,60,2,5,1,19038,19805,8,12,3,2,3,34,2,3,1,0,0,0
"939",20,1141,2,3,3,31,3,1,3,2783,13251,1,19,3,1,0,2,3,3,2,2,2,2
"940",30,1358,24,1,4,67,3,1,3,2693,13335,1,22,4,2,1,1,2,3,1,0,0,0
"941",42,810,23,5,1,44,3,4,4,15992,15901,2,14,3,2,0,16,2,3,1,0,0,0
"942",49,1261,7,3,2,31,2,3,3,10965,12066,8,24,4,3,0,26,2,3,5,2,0,0
"943",49,1475,28,2,1,97,2,2,1,4284,22710,3,20,4,1,0,20,2,3,4,3,1,3
"944",45,1052,6,3,4,57,2,3,4,8865,16840,6,12,3,4,0,23,2,3,19,7,12,8
"945",50,1452,11,3,3,53,3,5,2,19926,17053,3,15,3,2,0,21,5,3,5,4,4,4
"946",53,124,2,3,3,38,2,3,2,7525,23537,2,12,3,1,1,30,2,3,15,7,6,12
"947",35,622,14,4,3,39,2,1,2,3743,10074,1,24,4,4,1,5,2,1,4,2,0,2
"948",41,933,9,4,3,94,3,1,1,2238,6961,2,21,4,4,1,7,2,3,5,0,1,4
"949",32,638,8,2,3,91,4,2,3,5175,22162,5,12,3,3,1,9,3,2,5,3,1,3
"950",31,218,7,3,2,100,4,2,4,6929,12241,4,11,3,2,1,10,3,2,8,7,7,7
"951",38,1495,4,2,4,87,3,1,3,3306,26176,7,19,3,4,1,7,5,2,0,0,0,0
"952",49,1002,18,4,4,92,3,2,4,6804,23793,1,15,3,1,2,7,0,3,7,7,1,7
"953",28,1366,24,2,2,72,2,3,1,8722,12355,1,12,3,1,0,10,2,2,10,7,1,9
"954",43,589,14,2,2,94,3,4,1,17159,5200,6,24,4,3,1,22,3,3,4,1,1,0
"955",49,464,16,3,4,74,3,1,1,2587,24941,4,16,3,2,1,17,2,2,2,2,2,2
"956",42,691,8,4,3,48,3,2,2,6825,21173,0,11,3,4,1,10,2,3,9,7,4,2
"957",59,715,2,3,3,69,2,4,4,13726,21829,3,13,3,1,0,30,4,3,5,3,4,3
"958",22,1256,3,4,3,48,2,1,4,2853,4223,0,11,3,2,1,1,5,3,0,0,0,0
"959",49,722,25,4,3,84,3,1,1,3211,22102,1,14,3,4,1,10,3,2,9,6,1,4
"960",43,1179,2,3,4,73,3,2,4,7847,6069,1,17,3,1,1,10,3,3,10,9,8,8
"961",42,1147,10,3,3,31,3,4,1,16799,16616,0,14,3,3,1,21,5,3,20,7,0,9
"962",42,1142,8,3,4,81,3,1,3,3968,13624,4,13,3,4,0,8,3,3,0,0,0,0
"963",42,469,2,2,4,35,3,4,1,17665,14399,0,17,3,4,1,23,3,3,22,6,13,7
"964",40,543,1,4,1,83,3,1,4,2406,4060,8,19,3,3,2,8,3,2,1,0,0,0
"965",37,228,6,4,3,98,3,2,4,6502,22825,4,14,3,2,1,7,5,4,5,4,0,1
"966",36,676,1,3,3,35,3,2,2,5228,23361,0,15,3,1,1,10,2,3,9,7,0,5
"967",30,1082,12,3,2,83,3,2,3,6577,19558,0,11,3,2,0,6,6,3,5,4,4,4
"968",55,1117,18,5,1,83,3,4,2,16835,9873,3,23,4,4,0,37,2,3,10,9,7,7
"969",39,203,2,3,1,84,3,4,4,12169,13547,7,11,3,4,3,NA,4,3,18,7,11,5
"970",35,735,6,1,3,66,3,1,3,3506,6020,0,14,3,4,0,4,3,3,3,2,2,2
"971",32,953,5,4,2,65,3,1,2,2718,17674,2,14,3,2,0,12,3,3,7,7,0,7
"972",28,440,21,3,3,42,3,1,4,2713,6672,1,11,3,3,1,5,2,1,5,2,0,2
"973",42,933,19,3,3,57,4,1,3,2759,20366,6,12,3,4,0,7,2,3,2,2,2,2
"974",39,722,24,1,2,60,2,4,4,12031,8828,0,11,3,1,1,21,2,2,20,9,9,6
"975",46,1254,10,3,3,64,3,3,2,7314,14011,5,21,4,3,3,14,2,3,8,7,0,7
"976",43,1422,2,4,1,92,3,2,4,5675,19246,1,20,4,3,1,7,5,3,7,7,7,7
"977",33,922,1,5,1,95,4,4,3,16184,22578,4,19,3,3,1,10,2,3,6,1,0,5
"978",21,156,12,3,3,90,4,1,2,2716,25422,1,15,3,4,0,1,0,3,1,0,0,0
"979",18,247,8,1,3,80,3,1,3,1904,13556,1,12,3,4,0,0,0,3,0,0,0,0
"980",41,930,3,3,3,57,2,2,2,8938,12227,2,11,3,3,1,14,5,3,5,4,0,4
"981",18,1431,14,3,2,33,3,1,3,1514,8018,1,16,3,3,0,0,4,1,0,0,0,0
"982",32,238,5,2,1,47,4,1,3,2432,15318,3,14,3,1,0,8,2,3,4,1,0,3
"983",27,894,9,3,4,99,3,1,2,2279,11781,1,16,3,4,0,7,2,2,7,7,0,3
"984",36,172,4,4,1,37,2,2,4,5810,22604,1,16,3,3,0,10,2,2,10,4,1,8
"985",42,179,2,5,4,79,4,2,1,6272,12858,7,16,3,1,1,10,3,4,4,3,0,3
"986",27,829,8,1,3,84,3,2,4,4342,24008,0,19,3,2,1,5,3,3,4,2,1,1
"987",40,1184,2,4,2,62,3,2,2,4327,25440,5,12,3,4,3,5,2,3,0,0,0,0
"988",37,446,1,4,2,65,3,2,2,6447,15701,6,12,3,2,1,8,2,2,6,5,4,3
"989",31,330,22,4,4,98,3,2,3,6179,21057,1,15,3,4,2,10,3,2,10,2,6,7
"990",42,1332,2,4,1,98,2,2,4,6781,17078,3,23,4,2,0,14,6,3,1,0,0,0
"991",53,1219,2,4,1,78,2,4,4,15427,22021,2,16,3,3,0,31,3,3,25,8,3,7
"992",26,265,29,2,2,79,1,2,1,4969,21813,8,18,3,4,0,7,6,3,2,2,2,2
"993",21,756,1,1,1,99,2,1,2,2174,9150,1,11,3,3,0,3,3,3,3,2,1,2
"994",36,301,15,4,4,88,1,2,4,5406,10436,1,24,4,1,1,15,4,2,15,12,NA,11
"995",30,1138,6,3,1,48,2,2,4,4627,23631,0,12,3,1,1,10,6,3,9,2,6,7
"996",50,804,9,3,1,64,3,1,4,2380,20165,4,18,3,2,0,8,5,3,1,0,0,0
"997",28,1181,1,3,3,82,3,1,4,2044,5531,1,11,3,3,1,5,6,4,5,3,0,3
"998",36,329,16,4,3,98,2,2,1,5647,13494,4,13,3,1,2,11,3,2,3,2,0,2
"999",40,218,8,1,4,55,2,3,2,13757,25178,2,11,3,3,1,16,5,3,9,8,4,8
"1000",32,371,19,3,4,80,1,3,3,9610,3840,3,13,3,3,1,10,2,1,4,3,0,2
"1001",38,471,12,3,1,45,2,2,1,6288,4284,2,15,3,3,1,13,3,2,4,3,1,2
"1002",51,541,2,3,2,52,3,3,2,10596,15395,2,11,3,2,0,14,5,3,4,2,3,2
"1003",44,170,1,4,2,78,4,2,1,5033,9364,2,15,3,4,1,10,5,3,2,0,2,2
"1004",30,911,1,2,4,76,3,1,2,3748,4077,1,13,3,3,0,12,6,2,12,8,1,7
"1005",27,135,17,4,4,51,3,1,3,2394,25681,1,13,3,4,0,8,2,3,8,2,7,7
"1006",38,1394,8,3,4,58,2,2,2,2133,18115,1,16,3,3,1,20,3,3,20,11,0,7
"1007",31,1365,13,4,2,46,3,2,1,4233,11512,2,17,3,3,0,9,2,1,3,1,1,2
"1008",45,193,6,4,4,52,3,3,1,13245,15067,4,14,3,2,0,17,3,4,0,0,0,0
"1009",35,1276,16,3,4,72,3,3,3,7632,14295,4,12,3,3,0,10,2,3,8,7,0,0
"1010",34,665,6,4,1,41,3,2,3,4809,12482,1,14,3,3,0,16,3,3,16,13,2,10
"1011",50,691,2,3,3,64,3,4,3,17639,6881,5,16,3,4,0,30,3,3,4,3,0,3
"1012",47,1309,4,1,2,99,3,2,3,2976,25751,3,19,3,1,0,5,3,3,0,0,0,0
"1013",55,692,14,4,3,61,4,5,2,18722,13339,8,11,3,4,0,36,3,3,24,15,2,15
"1014",44,136,28,3,4,32,3,4,1,16328,22074,3,13,3,3,1,24,1,4,20,6,14,17
"1015",31,1125,1,3,4,48,1,2,1,5003,5771,1,21,4,2,0,10,6,3,10,8,8,7
"1016",37,1040,2,2,3,100,2,2,4,5163,15850,5,14,3,4,1,17,2,4,1,0,0,0
"1017",25,959,28,3,1,41,2,2,3,8639,24835,2,18,3,4,0,6,3,3,2,2,2,2
"1018",58,286,2,4,4,31,3,5,2,19246,25761,7,12,3,4,0,40,2,3,31,15,13,8
"1019",37,161,10,3,3,42,4,3,4,13744,15471,1,25,4,1,1,16,2,3,16,11,6,8
"1020",43,1082,27,3,3,83,3,3,1,10820,11535,8,11,3,3,1,18,1,3,8,7,0,1
"1021",38,343,15,2,3,92,2,3,4,11510,15682,0,14,3,2,1,12,3,3,11,10,2,9
"1022",26,775,29,2,1,45,3,2,3,4306,4267,5,12,3,1,2,8,5,3,0,0,0,0
"1023",46,669,9,2,3,64,2,3,4,9619,13596,1,16,3,4,0,9,3,3,9,8,4,7
"1024",30,241,7,3,2,48,2,1,2,2141,5348,1,12,3,2,1,6,3,2,6,4,1,1
"1025",28,640,1,3,4,84,3,1,1,2080,4732,2,11,3,2,0,5,2,2,3,2,1,2
"1026",33,392,2,4,4,93,3,2,4,5505,3921,1,14,3,3,2,6,5,3,6,2,0,4
"1027",39,672,7,2,3,54,2,5,4,19272,21141,1,15,3,1,1,21,2,3,21,9,13,3
"1028",43,422,1,3,4,33,3,2,4,5562,21782,4,13,3,2,1,12,2,2,5,2,2,2
"1029",29,665,15,3,3,60,3,1,4,2340,22673,1,19,3,1,0,6,1,3,6,5,1,5
"1030",50,562,8,2,2,50,3,2,3,6796,23452,3,14,3,1,1,18,4,3,4,3,1,3
"1031",41,509,7,2,2,43,4,1,3,3376,18863,1,13,3,3,0,10,3,3,10,6,0,8
"1032",29,350,13,3,1,56,2,1,1,2335,3157,4,15,3,4,3,4,3,3,2,2,2,0
"1033",44,1099,5,3,2,88,3,5,2,18213,8751,7,11,3,3,1,26,5,3,22,9,3,10
"1034",32,267,29,4,3,49,2,1,2,2837,15919,1,13,3,3,0,6,3,3,6,2,4,1
"1035",50,316,8,4,4,54,3,1,2,3875,9983,7,15,3,4,1,4,2,3,2,2,2,2
"1036",37,671,19,3,3,85,3,2,3,5768,26493,3,17,3,1,3,9,2,2,4,3,0,2
"1037",36,938,2,4,3,79,3,1,3,2519,12287,4,21,4,3,0,16,6,3,11,8,3,9
"1038",43,920,3,3,3,96,1,5,4,19740,18625,3,14,3,2,1,25,2,3,8,7,0,7
"1039",34,1130,3,3,4,66,3,2,2,5433,19332,1,12,3,3,1,11,2,3,11,8,7,9
"1040",39,1162,3,2,4,41,3,2,3,5238,17778,4,18,3,1,0,12,3,2,1,0,0,0
"1041",42,570,8,3,2,66,3,5,4,18430,16225,1,13,3,2,1,24,4,2,24,7,14,9
"1042",26,1384,3,4,1,82,4,1,4,4420,13421,1,22,4,2,1,8,2,3,8,7,0,7
"1043",43,990,27,3,4,87,4,1,2,4876,5855,5,12,3,3,1,8,0,3,6,4,0,2
"1044",25,675,5,2,2,85,4,2,1,4000,18384,1,12,3,4,2,6,2,3,6,3,1,5
"1045",37,1107,14,3,4,95,3,1,1,3034,26914,1,12,3,3,1,18,2,2,18,7,12,17
"1046",36,1157,2,4,3,70,3,1,4,2644,17001,3,21,4,4,0,7,3,2,3,2,1,2
"1047",54,431,7,4,4,68,3,2,4,6854,15696,4,15,3,2,1,14,2,2,7,1,1,7
"1048",22,617,3,1,2,34,3,2,3,4171,10022,0,19,3,1,1,4,3,4,3,2,0,2
"1049",46,1034,18,1,1,86,3,3,3,10527,8984,5,11,3,4,0,28,3,2,2,2,1,2
"1050",51,1469,8,4,2,81,2,3,2,12490,15736,5,16,3,4,2,16,5,1,10,9,4,7
"1051",31,715,2,4,4,54,3,2,1,5332,21602,7,13,3,4,0,10,3,3,5,2,0,3
"1052",24,771,1,2,2,45,2,2,3,4617,14120,1,12,3,2,0,4,2,2,4,3,1,2
"1053",31,1003,5,3,1,51,3,2,3,8346,20943,1,19,3,3,1,6,3,3,5,2,0,2
"1054",30,793,16,1,2,33,3,1,4,2862,3811,1,12,3,2,1,10,2,2,10,0,0,8
"1055",42,495,2,1,3,37,3,4,3,17861,26582,0,13,3,4,0,21,3,2,20,8,2,219
"1056",36,894,1,4,4,33,2,2,3,4374,15411,0,15,3,3,0,4,6,3,3,2,1,2
"1057",32,1109,29,4,4,69,3,1,3,4025,11135,9,12,3,2,0,10,2,3,8,7,7,7
"1058",41,549,7,2,4,42,3,2,3,5003,23371,6,14,3,2,0,8,6,3,2,2,2,1
"1059",28,1476,1,3,3,55,1,2,4,6674,16392,0,11,3,1,3,10,6,3,9,8,7,5
"1060",33,1099,4,4,1,82,2,1,2,3838,8192,8,11,3,4,0,8,5,3,5,4,0,2
"1061",29,441,8,1,3,39,1,2,1,9715,7288,3,13,3,3,1,9,3,3,7,7,0,7
"1062",56,906,6,3,3,86,4,4,1,13212,18256,9,11,3,4,3,36,0,2,7,7,7,7
"1063",30,1312,23,3,1,96,1,1,3,2613,22310,1,25,4,3,3,10,2,2,10,7,0,9
"1064",22,253,11,3,1,43,3,1,2,2244,24440,1,13,3,4,1,2,1,3,2,1,1,2
"1065",32,1005,2,2,4,79,3,1,4,3068,11864,0,13,3,3,0,8,2,2,7,7,3,6
"1066",59,1225,1,1,1,57,2,2,3,5473,24668,7,11,3,4,0,20,2,2,4,3,1,3
"1067",42,748,9,2,1,74,3,1,4,3673,16458,1,13,3,3,0,12,3,3,12,9,5,8
"1068",50,1234,20,5,2,41,3,4,3,11245,20689,2,15,3,3,1,32,3,3,30,8,12,13
"1069",33,465,2,2,1,39,3,1,1,2707,21509,7,20,4,1,0,13,3,4,9,7,1,7
"1070",27,1103,14,3,1,42,3,1,1,2235,14377,1,14,3,4,2,9,3,2,9,7,6,8
"1071",45,805,4,2,3,57,3,2,2,4447,23163,1,12,3,2,0,9,5,2,9,7,0,8
"1072",26,841,6,3,3,46,2,1,2,2368,23300,1,19,3,3,0,5,3,2,5,4,4,3
"1073",41,337,8,3,3,54,3,2,2,4393,26841,5,21,4,3,1,14,3,3,5,4,1,4
"1074",27,728,23,1,2,36,2,2,3,3540,7018,1,21,4,4,1,9,5,3,9,8,5,8
"1075",50,797,4,1,1,96,3,5,2,19144,15815,3,14,3,1,2,28,4,2,10,4,1,6
"1076",25,1372,18,1,1,93,4,2,3,6232,12477,2,11,3,2,0,6,3,2,3,2,1,2
"1077",27,608,1,2,3,68,3,3,1,7412,6009,1,11,3,4,0,9,3,3,9,7,0,7
"1078",38,148,2,3,4,42,2,1,2,2440,23826,1,22,4,2,0,4,3,3,4,3,3,3
"1079",35,1199,18,4,3,80,3,2,3,5689,24594,1,14,3,4,2,10,2,4,10,2,0,2
"1080",35,1343,27,1,3,53,2,1,1,2559,17852,1,11,3,4,0,6,3,2,6,5,1,1
"1081",35,138,2,3,2,37,3,2,2,4425,15986,5,11,3,4,0,10,5,3,6,2,1,2
"1082",26,703,28,2,1,66,3,2,2,6272,7428,1,20,4,4,2,6,5,4,5,3,1,4
"1083",25,891,4,2,2,99,2,2,4,4487,12090,1,11,3,2,0,5,3,3,5,4,1,3
"1084",29,1401,6,1,2,54,3,1,4,3131,26342,1,13,3,1,1,10,5,3,10,8,0,8
"1085",41,645,1,3,2,49,4,3,1,8392,19566,1,16,3,3,1,10,2,3,10,7,0,7
"1086",34,1442,9,3,4,46,2,3,2,8621,17654,1,14,3,2,0,9,3,4,8,7,7,7
"1087",28,329,24,3,3,51,3,1,2,2408,7324,1,17,3,3,3,1,3,3,1,1,0,0
"1088",34,629,27,2,4,95,3,1,2,2311,5711,2,15,3,4,0,9,3,3,3,2,1,2
"1089",23,310,10,1,1,79,4,1,3,3505,19630,1,18,3,4,0,2,3,3,2,2,0,2
"1090",34,1303,2,4,4,62,2,1,3,2768,8416,3,12,3,3,1,14,3,3,7,3,5,7
"1091",32,827,1,1,4,71,3,1,1,2956,15178,1,13,3,4,0,1,2,3,1,0,0,0
"1092",23,427,7,3,3,99,3,1,4,2275,25103,1,21,4,2,1,3,2,3,3,2,0,2
"1093",20,805,3,3,1,87,2,1,3,3033,12828,1,12,3,1,0,2,2,2,2,2,1,2
"1094",31,326,8,2,1,31,3,3,4,10793,8386,1,18,3,1,1,13,5,3,13,7,9,9
"1095",33,1313,1,2,2,59,2,1,3,2008,20439,1,12,3,3,3,1,2,2,1,1,0,0
"1096",32,967,8,3,2,43,3,3,4,8998,15589,1,14,3,4,0,9,2,3,9,8,3,7
"1097",27,210,1,1,3,73,3,2,2,6349,22107,0,13,3,4,1,6,0,3,5,4,1,4
"1098",34,285,29,3,2,86,3,2,3,5429,17491,4,13,3,1,2,10,1,3,8,7,7,7
"1099",28,760,2,4,2,81,3,2,2,4779,3698,1,20,4,1,0,8,2,3,8,7,7,5
"1100",29,1246,19,3,3,77,2,2,3,8620,23757,1,14,3,3,2,10,3,3,10,7,0,4
"1101",30,634,17,4,2,95,3,3,1,11916,25927,1,23,4,4,2,9,2,3,9,1,0,8
"1102",46,261,21,2,4,66,3,2,2,8926,10842,4,22,4,4,1,13,2,4,9,7,3,7
"1103",43,1273,2,2,4,72,4,1,3,2645,21923,1,12,3,4,2,6,3,2,5,3,1,4
"1104",33,827,1,4,3,84,4,2,2,5488,20161,1,13,3,1,1,6,2,3,6,5,1,2
"1105",28,304,9,4,2,92,3,2,4,5253,20750,1,16,3,4,0,7,1,3,7,5,0,7
"1106",34,669,1,3,4,97,2,2,1,5343,25755,0,20,4,3,0,14,3,3,13,9,4,9
"1107",26,572,10,3,3,46,3,2,4,4684,9125,1,13,3,1,0,5,4,3,5,3,1,2
"1108",36,913,9,2,2,48,2,2,2,8847,13934,2,11,3,3,1,13,2,3,3,2,0,2
"1109",29,318,8,4,2,77,1,1,1,2119,4759,1,11,3,4,0,7,4,2,7,7,0,7
"1110",25,383,9,2,1,68,2,1,1,4400,15182,3,12,3,1,0,6,2,3,3,2,2,2
"1111",29,1247,20,2,4,45,3,2,4,6931,10732,2,14,3,4,1,10,2,3,3,2,0,2
"1112",38,833,18,3,2,60,1,2,4,5811,24539,3,16,3,3,1,15,2,3,1,0,1,0
"1113",36,1120,11,4,2,100,2,2,4,6652,14369,4,13,3,1,1,8,2,2,6,3,0,0
"1114",29,1404,20,3,3,84,3,1,4,2157,18203,1,15,3,2,1,3,5,3,3,1,0,2
"1115",44,1459,10,4,4,41,3,2,4,6465,19121,2,13,3,4,0,9,5,4,4,2,1,3
"1116",44,1315,3,4,4,35,3,5,4,19513,9358,4,12,3,1,1,26,2,4,2,2,0,1
"1117",31,471,4,3,1,62,4,1,3,3978,16031,8,12,3,2,1,4,0,2,2,2,2,2
"1118",43,823,6,3,1,81,2,5,3,19392,22539,7,13,3,4,0,21,2,3,16,12,6,14
"1119",46,849,26,2,2,98,2,2,2,7991,25166,8,15,3,3,0,6,3,3,2,2,2,2
"1120",24,1206,17,1,4,41,2,2,3,4377,24117,1,15,3,2,2,5,6,3,4,2,3,2
"1121",46,717,13,4,3,34,3,2,2,5562,9697,6,14,3,4,0,19,3,3,10,7,0,9
"1122",34,234,9,4,4,93,3,2,1,5346,6208,4,17,3,3,1,11,3,2,7,1,0,7
"1123",29,410,2,1,4,97,3,1,2,3180,4668,0,13,3,3,3,4,3,3,3,2,0,2
"1124",41,796,4,1,3,81,3,3,3,10447,26458,0,13,3,4,1,23,3,4,22,14,13,5
"1125",20,129,4,3,1,84,3,1,1,2973,13008,1,19,3,2,0,1,2,3,1,0,0,0
"1126",38,152,10,3,3,85,3,2,4,5666,19899,1,13,3,2,0,6,1,3,5,3,1,3
"1127",25,810,8,3,4,57,4,2,2,4851,15678,0,22,4,3,1,4,4,3,3,2,1,2
"1128",42,269,2,3,4,56,2,1,1,2593,8007,0,11,3,3,1,10,4,3,9,6,7,8
"1129",53,1070,3,4,3,45,3,4,3,17584,21016,3,16,3,4,3,21,5,2,5,3,1,3
"1130",50,878,1,4,2,94,3,2,3,6728,14255,7,12,3,4,2,12,3,3,6,3,0,1
"1131",40,1469,9,4,4,35,3,1,2,3617,25063,8,14,3,4,1,3,2,3,1,1,0,0
"1132",59,1324,3,3,3,81,4,1,1,2670,9964,4,20,4,1,3,12,3,2,1,0,0,0
"1133",32,414,2,4,3,82,2,2,2,9907,26186,7,12,3,3,0,7,3,2,2,2,2,2
"1134",32,859,4,3,3,98,2,2,3,6162,19124,1,12,3,3,1,14,3,3,14,13,6,8
"1135",27,511,2,2,1,89,4,2,3,6500,26997,0,14,3,2,0,9,5,2,8,7,0,7
"1136",43,1291,15,2,3,65,2,4,3,17603,3525,1,24,4,1,1,14,3,3,14,10,6,11
"1137",55,452,1,3,4,81,3,5,1,19045,18938,0,14,3,3,0,37,2,3,36,10,4,13
"1138",38,1444,1,4,4,88,3,1,2,2991,5224,0,11,3,2,1,7,2,3,6,2,1,2
"1139",25,1382,8,2,1,85,3,2,3,4907,13684,0,22,4,2,1,6,3,2,5,3,0,4
"1140",36,711,5,4,2,42,3,3,1,8008,22792,4,12,3,3,2,9,6,3,3,2,0,2
"1141",38,1206,9,2,2,71,3,1,4,4771,14293,2,19,3,4,2,10,0,4,5,2,0,3
"1142",37,370,10,4,4,58,3,2,1,4213,4992,1,15,3,2,0,10,4,1,10,3,0,8
"1143",33,147,2,3,2,99,3,1,3,3600,8429,1,13,3,4,1,5,2,3,5,4,1,4
"1144",34,131,2,3,3,86,3,2,1,4538,6039,0,12,3,4,0,4,3,3,3,2,0,2
"1145",26,1096,6,3,3,61,4,1,4,2544,7102,0,18,3,1,1,8,3,3,7,7,7,7
"1146",37,558,2,3,4,75,3,2,3,9602,3010,4,11,3,3,1,17,3,2,3,0,1,0
"1147",51,1178,14,2,3,87,3,2,4,4936,14862,4,11,3,3,1,18,2,2,7,7,0,7
"1148",43,244,2,3,2,97,3,1,4,3539,5033,0,13,3,2,0,10,5,3,9,7,1,8
"1149",51,237,9,3,4,83,3,5,2,19847,19196,4,24,4,1,1,31,5,2,29,10,11,10
"1150",19,645,9,2,3,54,3,1,1,2552,7172,1,25,4,3,0,1,4,3,1,1,0,0
"1151",40,1322,2,4,3,52,2,1,3,2809,2725,2,14,3,4,0,8,2,3,2,2,2,2
"1152",35,670,10,4,1,51,3,2,3,6142,4223,3,16,3,3,0,10,4,3,5,2,0,4
"1153",38,1490,2,2,4,42,3,1,4,1702,12106,1,23,4,3,1,1,3,3,1,0,0,0
"1154",43,1344,7,3,4,37,4,1,4,2089,5228,4,14,3,4,3,7,3,4,5,4,2,2
"1155",50,1246,3,3,1,99,3,5,2,18200,7999,1,11,3,3,1,32,2,3,32,5,10,7
"1156",35,482,4,4,3,87,3,2,3,4249,2690,1,11,3,2,0,9,3,3,9,6,1,1
"1157",32,427,1,3,1,33,3,2,4,6162,10877,1,22,4,2,1,9,3,3,9,8,7,8
"1158",50,989,7,2,2,43,2,5,3,18740,16701,5,12,3,4,1,29,2,2,27,3,13,8
"1159",26,920,20,2,4,69,3,1,2,2148,6889,0,11,3,3,0,6,3,3,5,1,1,4
"1160",28,1117,8,2,4,66,3,1,4,3310,4488,1,21,4,4,0,5,3,3,5,3,0,2
"1161",42,555,26,3,3,77,3,4,2,13525,14864,5,14,3,4,1,23,2,4,20,4,4,8
"1162",53,1436,6,2,2,34,3,2,3,2306,16047,2,20,4,4,1,13,3,1,7,7,4,5
"1163",34,1069,2,1,4,45,2,2,3,9547,14074,1,17,3,3,0,10,2,2,10,9,1,9
"1164",40,663,9,4,3,81,3,2,3,3975,23099,3,11,3,3,2,11,2,4,8,7,0,7
"1165",36,1278,8,3,1,77,2,1,1,2342,8635,0,21,4,3,0,6,3,3,5,4,0,3
"1166",52,1030,5,3,2,64,3,3,2,8446,21534,9,19,3,3,0,10,2,2,8,7,7,7
"1167",41,447,5,3,2,85,4,2,2,6870,15530,3,12,3,1,0,11,3,1,3,2,1,2
"1168",55,1311,2,3,3,97,3,4,4,16659,23258,2,13,3,3,0,30,2,3,5,4,1,2
"1169",33,1038,8,1,2,88,2,1,4,2342,21437,0,19,3,4,0,3,2,2,2,2,2,2
"1170",47,1482,5,5,4,42,3,5,3,18300,16375,4,11,3,2,1,21,2,3,3,2,1,1
"1171",34,988,23,3,2,43,3,3,1,9950,11533,9,15,3,3,3,11,2,3,3,2,0,2
"1172",28,1169,8,2,2,63,2,1,4,4936,23965,1,13,3,4,1,6,6,3,5,1,0,4
"1173",36,430,2,4,4,73,3,2,2,6962,19573,4,22,4,4,1,15,2,3,1,0,0,0
"1174",51,432,9,4,4,96,3,1,4,2075,18725,3,23,4,2,2,10,4,3,4,2,0,3
"1175",38,437,16,3,2,90,3,2,2,4198,16379,2,12,3,2,0,8,5,4,3,2,1,2
"1176",50,1322,28,3,4,43,3,4,1,16880,22422,4,11,3,2,0,25,2,3,3,2,1,2
